# Blender3D v249 OBJ File: mario_yoshi.blend
# www.blender3d.org
mtllib mario_yoshi2.mtl
v 0.172743 0.116319 0.586079
v 0.124058 0.162358 0.496904
v 0.039031 0.216806 0.459866
v 0.037856 0.110565 0.859064
v -0.121208 0.076938 0.793667
v -0.037709 0.216806 0.459866
v -0.036533 0.110565 0.859064
v 0.172068 0.085090 0.695564
v -0.170746 0.085090 0.695564
v 0.122530 0.076938 0.793667
v -0.122736 0.162358 0.496904
v -0.171421 0.116319 0.586079
v -0.132650 0.096876 0.811329
v 0.133973 0.096876 0.811329
v -0.186181 0.105390 0.705218
v 0.187503 0.105390 0.705218
v -0.186876 0.138851 0.586757
v 0.188199 0.138851 0.586757
v -0.134100 0.187978 0.490595
v 0.135422 0.187978 0.490595
v -0.041955 0.246018 0.450631
v 0.043277 0.246018 0.450631
v 0.042311 0.133271 0.882142
v -0.124539 0.131512 0.808767
v 0.125861 0.131512 0.808767
v -0.174859 0.139810 0.709131
v 0.176181 0.139810 0.709131
v -0.175425 0.172141 0.598275
v 0.176747 0.172141 0.598275
v -0.125623 0.214025 0.510016
v 0.126945 0.214025 0.510016
v 0.040181 0.267255 0.473339
v 0.039543 0.166527 0.875656
v -0.151973 0.153928 0.704645
v 0.153296 0.153928 0.704644
v -0.107828 0.146309 0.791937
v 0.153732 0.182325 0.608130
v 0.110023 0.215401 0.532718
v -0.032624 0.261709 0.501230
v 0.033946 0.261709 0.501230
v -0.040988 0.133271 0.882142
v -0.038859 0.267255 0.473339
v -0.038221 0.166527 0.875656
v -0.032082 0.177515 0.850731
v 0.109150 0.146309 0.791937
v -0.152409 0.182325 0.608130
v -0.108701 0.215401 0.532718
v 0.033405 0.177515 0.850731
v -0.126507 0.212953 0.709659
v 0.127830 0.212953 0.709659
v -0.089401 0.205686 0.782733
v 0.090723 0.205686 0.782733
v -0.126680 0.232566 0.630920
v 0.128002 0.232566 0.630920
v -0.089777 0.255325 0.569744
v 0.091099 0.255325 0.569744
v 0.027002 0.294972 0.542529
v -0.025493 0.230812 0.831965
v 0.026815 0.230812 0.831965
v -0.047620 0.258820 0.745906
v 0.048943 0.258820 0.745906
v -0.051004 0.269380 0.701999
v 0.052326 0.269380 0.701999
v -0.069265 0.268298 0.661063
v 0.070587 0.268298 0.661063
v -0.034793 0.285066 0.642202
v 0.036115 0.285066 0.642202
v -0.010332 0.306587 0.608836
v 0.011655 0.306587 0.608836
v -0.006664 0.281731 0.753560
v 0.007986 0.281731 0.753560
v -0.025680 0.294972 0.542529
v 0.000661 0.294159 0.681198
v 0.092868 1.166925 -0.017032
v -0.091547 1.166925 -0.017032
v 0.080549 1.119141 -0.037641
v -0.079228 1.119141 -0.037640
v 0.115335 1.117494 -0.023666
v -0.114013 1.117494 -0.023666
v 0.098047 1.112973 -0.033531
v -0.096725 1.112973 -0.033531
v 0.068467 1.136666 -0.036861
v -0.067145 1.136666 -0.036861
v 0.069099 1.202223 -0.008263
v -0.067777 1.202223 -0.008263
v 0.064451 1.184303 -0.021212
v -0.063129 1.184303 -0.021212
v 0.063463 1.161954 -0.031160
v -0.062141 1.161954 -0.031159
v 0.077644 1.213652 0.005737
v -0.076322 1.213652 0.005737
v 0.102909 1.205533 0.013421
v -0.101587 1.205533 0.013421
v 0.089483 1.213873 0.013270
v -0.088162 1.213873 0.013270
v 0.116068 1.188569 0.008405
v -0.114747 1.188569 0.008405
v 0.125300 1.165816 0.000600
v -0.123979 1.165816 0.000600
v 0.125635 1.140112 -0.010706
v -0.124313 1.140112 -0.010706
v 0.069034 1.047250 -0.051837
v -0.067713 1.047250 -0.051837
v 0.142202 1.020639 -0.018544
v -0.140881 1.020639 -0.018544
v 0.046137 1.079288 -0.048820
v -0.044815 1.079288 -0.048820
v 0.103070 1.033154 -0.044637
v -0.101748 1.033154 -0.044637
v 0.041747 1.234842 0.010731
v -0.040425 1.234842 0.010731
v 0.035407 1.198503 -0.014371
v -0.034085 1.198503 -0.014371
v 0.035590 1.153770 -0.033812
v -0.034268 1.153770 -0.033812
v 0.055483 1.254189 0.040584
v -0.054161 1.254189 0.040584
v 0.108397 1.241799 0.051900
v -0.107076 1.241799 0.051900
v 0.080074 1.256110 0.053093
v -0.078752 1.256110 0.053093
v 0.133553 1.210507 0.042723
v -0.132231 1.210507 0.042723
v 0.152919 1.165316 0.028843
v -0.151597 1.165316 0.028844
v 0.155688 1.110719 0.008806
v -0.154366 1.110719 0.008806
v 0.054851 1.032445 -0.054650
v -0.053529 1.032445 -0.054650
v -0.015278 1.148295 -0.029429
v 0.010474 1.259948 0.037021
v 0.016600 1.148295 -0.029429
v -0.059666 1.278742 0.105080
v -0.105338 1.006141 -0.054250
v 0.308728 -0.442621 0.767691
v -0.307405 -0.442621 0.767691
v 0.239475 -0.110734 0.486643
v 0.070763 -0.438864 0.637390
v -0.056618 -0.445026 0.476388
v 0.263518 -0.005056 0.596441
v -0.262196 -0.005056 0.596441
v 0.271543 0.003836 0.880703
v -0.270220 0.003836 0.880703
v 0.346957 -0.472297 0.512743
v -0.345635 -0.472297 0.512744
v 0.256575 -0.493989 0.481163
v -0.255253 -0.493989 0.481163
v 0.450795 -0.327549 0.672607
v -0.449473 -0.327549 0.672607
v 0.198954 -0.351865 0.807424
v -0.197632 -0.351865 0.807424
v 0.121683 -0.440277 0.505779
v -0.120361 -0.440277 0.505779
v 0.376210 -0.167044 0.578542
v -0.374888 -0.167044 0.578543
v 0.362780 -0.541533 0.699424
v -0.361458 -0.541533 0.699424
v -0.381132 -0.540195 0.594117
v 0.398913 -0.428008 0.730524
v -0.397591 -0.428008 0.730524
v 0.426185 -0.435460 0.656178
v -0.424862 -0.435460 0.656178
v 0.163022 -0.542392 0.621953
v 0.205630 -0.469552 0.740239
v -0.204307 -0.469552 0.740240
v 0.162454 -0.504596 0.534638
v -0.161132 -0.504596 0.534638
v 0.133551 -0.499295 0.635457
v -0.132229 -0.499295 0.635457
v 0.325409 -0.368345 0.805143
v -0.324087 -0.368345 0.805143
v 0.425352 -0.328863 0.766137
v -0.424030 -0.328863 0.766138
v 0.138612 -0.474259 0.521467
v -0.137290 -0.474259 0.521467
v 0.123437 -0.476582 0.637896
v -0.122114 -0.476582 0.637896
v 0.305005 -0.237040 0.872538
v -0.303682 -0.237040 0.872538
v 0.402387 -0.125218 0.719221
v -0.401065 -0.125218 0.719222
v 0.108543 -0.447199 0.640290
v -0.107221 -0.447199 0.640290
v 0.332632 -0.236069 0.465222
v -0.331310 -0.236069 0.465223
v 0.277441 -0.545161 0.727493
v -0.276119 -0.545161 0.727493
v -0.177965 -0.539667 0.542684
v 0.396653 -0.451784 0.585486
v -0.395331 -0.451784 0.585487
v 0.249657 -0.432506 0.439645
v -0.248335 -0.432506 0.439645
v 0.208136 -0.424655 0.765022
v -0.206813 -0.424655 0.765022
v 0.419853 -0.348973 0.582657
v -0.418531 -0.348973 0.582657
v 0.350073 -0.389183 0.469422
v -0.348751 -0.389183 0.469423
v 0.247358 -0.336615 0.415160
v -0.246036 -0.336615 0.415160
v 0.380416 -0.143636 0.832718
v -0.379094 -0.143636 0.832718
v 0.281022 0.040537 0.112091
v -0.279700 0.040537 0.112091
v 0.320546 -0.069372 0.217871
v -0.319224 -0.069372 0.217871
v 0.234466 0.214437 0.187946
v -0.233143 0.214437 0.187946
v 0.315322 -0.035645 0.147886
v -0.313999 -0.035645 0.147887
v 0.249626 0.138538 0.126155
v -0.248304 0.138538 0.126155
v 0.303695 -0.022309 0.308107
v -0.302372 -0.022309 0.308107
v 0.210322 0.228350 0.252358
v -0.209000 0.228350 0.252358
v 0.269268 0.116192 0.346114
v -0.267946 0.116192 0.346114
v 0.411744 -0.134708 0.023549
v -0.410422 -0.134708 0.023549
v 0.429779 -0.072518 0.056491
v -0.428457 -0.072518 0.056492
v 0.389957 -0.113534 0.153323
v -0.388635 -0.113534 0.153324
v 0.382927 -0.066945 0.119950
v -0.381605 -0.066945 0.119950
v 0.378074 -0.037644 0.281483
v -0.376752 -0.037644 0.281484
v 0.490736 -0.183528 0.051514
v -0.489414 -0.183528 0.051514
v 0.507848 -0.157218 0.037296
v -0.506526 -0.157218 0.037297
v 0.452340 -0.186034 0.051387
v -0.451018 -0.186034 0.051387
v 0.417928 -0.167072 0.038582
v -0.416606 -0.167072 0.038583
v 0.408469 -0.135836 0.098869
v -0.407147 -0.135836 0.098870
v 0.498310 -0.111544 0.076820
v -0.496988 -0.111544 0.076820
v 0.502149 -0.128626 0.021080
v -0.500827 -0.128626 0.021081
v 0.471209 -0.083769 0.057102
v -0.469887 -0.083769 0.057102
v 0.469389 -0.110043 0.010372
v -0.468067 -0.110043 0.010372
v 0.429519 -0.108325 0.012101
v -0.428197 -0.108325 0.012101
v 0.497087 -0.140946 0.102129
v -0.495765 -0.140946 0.102129
v 0.425418 -0.138167 0.186837
v -0.424096 -0.138167 0.186837
v 0.495083 -0.076634 0.133611
v -0.493760 -0.076634 0.133611
v 0.460387 -0.045514 0.106264
v -0.459064 -0.045514 0.106264
v 0.406375 -0.096584 0.074383
v -0.405053 -0.096584 0.074383
v 0.474922 -0.067419 0.218349
v -0.473600 -0.067419 0.218349
v 0.475896 -0.046479 0.183575
v -0.474573 -0.046479 0.183576
v 0.446258 -0.030639 0.147749
v -0.444935 -0.030639 0.147749
v 0.404804 -0.032778 0.136387
v -0.403481 -0.032778 0.136388
v 0.443713 0.034181 0.259274
v -0.442390 0.034181 0.259274
v 0.344968 -0.045661 0.233513
v -0.343645 -0.045661 0.233513
v 0.439523 0.046005 0.208353
v -0.438200 0.046005 0.208353
v 0.407770 0.030339 0.154299
v -0.406448 0.030339 0.154299
v 0.346601 -0.022277 0.173220
v -0.345279 -0.022277 0.173221
v 0.373167 0.003026 0.138097
v -0.371845 0.003026 0.138097
v 0.324692 0.095009 0.307483
v -0.323370 0.095009 0.307483
v 0.299168 0.172649 0.261428
v -0.297846 0.172649 0.261428
v 0.333661 0.004993 0.307550
v -0.332339 0.004993 0.307551
v 0.330559 -0.046278 0.242154
v -0.329236 -0.046278 0.242154
v 0.310400 0.099338 0.148083
v -0.309077 0.099338 0.148083
v 0.336387 -0.028925 0.168309
v -0.335065 -0.028925 0.168309
v 0.333438 0.028389 0.130709
v -0.332115 0.028389 0.130709
v 0.476582 -0.166355 0.123904
v -0.475259 -0.166355 0.123904
v 0.439256 -0.164395 0.122046
v -0.437934 -0.164395 0.122047
v 0.469139 -0.135351 0.193496
v -0.467817 -0.135351 0.193497
v 0.493247 -0.107939 0.167203
v -0.491925 -0.107939 0.167204
v 0.404724 -0.033046 0.100730
v -0.403401 -0.033046 0.100731
v 0.452908 -0.086651 0.239276
v -0.451586 -0.086651 0.239277
v 0.412440 -0.096384 0.232232
v -0.411117 -0.096384 0.232232
v 0.383030 -0.084546 0.199619
v -0.381708 -0.084546 0.199620
v 0.384141 -0.056031 0.159870
v -0.382819 -0.056031 0.159870
v 0.422032 -0.001529 0.288660
v -0.420710 -0.001529 0.288660
v 0.307513 0.164767 0.205812
v -0.306191 0.164767 0.205813
v 0.427237 -0.086805 -0.151090
v -0.425914 -0.086805 -0.151089
v 0.483909 -0.114719 -0.192549
v -0.482587 -0.114719 -0.192548
v 0.423798 -0.240571 -0.285541
v -0.422476 -0.240571 -0.285541
v 0.424670 -0.282590 -0.268148
v -0.423348 -0.282590 -0.268148
v 0.423794 -0.310803 -0.252894
v -0.422472 -0.310803 -0.252894
v 0.422580 -0.350845 -0.230961
v -0.421258 -0.350845 -0.230961
v 0.425393 -0.406793 -0.179709
v -0.424071 -0.406793 -0.179709
v 0.427088 -0.236296 -0.266203
v -0.425766 -0.236296 -0.266203
v 0.430250 -0.270621 -0.254572
v -0.428928 -0.270621 -0.254572
v 0.484722 -0.236668 -0.268137
v -0.483400 -0.236668 -0.268136
v 0.484798 -0.271419 -0.254180
v -0.483476 -0.271419 -0.254179
v 0.427270 -0.301208 -0.236141
v -0.425948 -0.301208 -0.236141
v 0.426205 -0.336726 -0.217042
v -0.424883 -0.336726 -0.217042
v 0.485679 -0.302230 -0.235038
v -0.484357 -0.302230 -0.235037
v 0.484621 -0.337841 -0.215872
v -0.483299 -0.337841 -0.215872
v 0.417645 -0.360598 -0.197817
v -0.416323 -0.360598 -0.197817
v 0.428522 -0.389428 -0.169677
v -0.427200 -0.389428 -0.169677
v 0.491462 -0.362114 -0.196255
v -0.490140 -0.362114 -0.196254
v 0.478453 -0.390556 -0.168538
v -0.477131 -0.390556 -0.168538
v 0.425794 -0.111636 -0.234475
v -0.424472 -0.111636 -0.234475
v 0.465442 -0.104589 -0.243592
v -0.464121 -0.104589 -0.243592
v 0.457189 -0.075294 -0.235631
v -0.455867 -0.075294 -0.235630
v 0.418917 -0.082393 -0.226574
v -0.417595 -0.082393 -0.226574
v 0.410840 -0.077340 -0.209174
v -0.409519 -0.077340 -0.209173
v 0.394932 -0.257038 -0.086834
v -0.393610 -0.257038 -0.086834
v 0.423145 -0.203915 -0.115094
v -0.421823 -0.203915 -0.115093
v 0.531716 -0.261276 -0.082950
v -0.530393 -0.261276 -0.082949
v 0.535492 -0.206749 -0.112765
v -0.534170 -0.206749 -0.112764
v 0.425287 -0.304787 -0.062232
v -0.423965 -0.304787 -0.062231
v 0.409875 -0.157330 -0.148521
v -0.408553 -0.157330 -0.148520
v 0.487381 -0.306591 -0.060412
v -0.486058 -0.306591 -0.060412
v 0.507763 -0.150317 -0.151780
v -0.506441 -0.150317 -0.151779
v 0.440550 -0.270945 -0.323251
v -0.439228 -0.270945 -0.323250
v 0.439979 -0.295690 -0.312959
v -0.438657 -0.295690 -0.312958
v 0.477591 -0.296188 -0.312407
v -0.476270 -0.296188 -0.312406
v 0.478051 -0.271408 -0.322725
v -0.476729 -0.271408 -0.322724
v 0.437752 -0.350527 -0.287865
v -0.436430 -0.350527 -0.287865
v 0.437094 -0.374223 -0.274906
v -0.435772 -0.374223 -0.274905
v 0.475548 -0.374831 -0.274259
v -0.474226 -0.374831 -0.274259
v 0.476171 -0.351096 -0.287246
v -0.474849 -0.351096 -0.287246
v 0.431837 -0.422751 -0.240243
v -0.430515 -0.422751 -0.240243
v 0.436175 -0.444691 -0.220647
v -0.434853 -0.444691 -0.220647
v 0.471496 -0.445382 -0.219949
v -0.470174 -0.445382 -0.219948
v 0.477571 -0.423585 -0.239388
v -0.476249 -0.423585 -0.239387
v 0.401995 -0.200763 0.011899
v -0.400673 -0.200763 0.011899
v 0.399099 -0.124402 -0.023617
v -0.397776 -0.124402 -0.023617
v 0.500005 -0.287512 -0.136859
v -0.498682 -0.287512 -0.136859
v 0.525904 -0.204814 0.015965
v -0.524582 -0.204814 0.015965
v 0.526148 -0.131669 -0.023768
v -0.524826 -0.131669 -0.023768
v 0.427280 -0.326944 -0.112254
v -0.425958 -0.326944 -0.112254
v 0.432768 -0.253309 -0.004800
v -0.431446 -0.253309 -0.004800
v 0.405920 -0.105012 -0.074274
v -0.404598 -0.105012 -0.074273
v 0.482167 -0.328362 -0.110813
v -0.480845 -0.328362 -0.110812
v 0.485986 -0.255010 -0.003066
v -0.484664 -0.255010 -0.003065
v 0.485399 -0.101455 -0.079918
v -0.484077 -0.101455 -0.079918
v 0.448604 -0.074906 -0.150461
v -0.447282 -0.074906 -0.150460
v 0.460126 -0.126557 -0.192999
v -0.458804 -0.126557 -0.192999
v 0.472054 -0.068370 -0.178248
v -0.470732 -0.068370 -0.178247
v 0.472906 -0.076038 -0.160472
v -0.471584 -0.076038 -0.160472
v 0.418032 -0.080260 -0.166517
v -0.416710 -0.080260 -0.166517
v 0.485006 -0.116156 -0.205152
v -0.483684 -0.116156 -0.205152
v 0.426799 -0.127946 -0.193171
v -0.425476 -0.127946 -0.193170
v 0.433464 -0.125687 -0.182810
v -0.432142 -0.125687 -0.182809
v 0.459778 -0.111556 -0.015149
v -0.458456 -0.111556 -0.015148
v 0.413094 -0.261613 -0.276850
v -0.411772 -0.261613 -0.276850
v 0.457846 -0.289806 -0.264776
v -0.456524 -0.289806 -0.264776
v 0.502384 -0.262741 -0.276541
v -0.501062 -0.262741 -0.276540
v 0.412228 -0.330829 -0.242092
v -0.410906 -0.330829 -0.242092
v 0.500017 -0.332362 -0.240457
v -0.498695 -0.332362 -0.240457
v 0.453148 -0.413035 -0.173757
v -0.451826 -0.413035 -0.173756
v 0.430176 -0.259474 -0.317559
v -0.428854 -0.259474 -0.317558
v 0.429223 -0.297540 -0.301002
v -0.427901 -0.297540 -0.301002
v 0.488505 -0.260204 -0.316725
v -0.487183 -0.260204 -0.316724
v 0.491413 -0.241274 -0.285924
v -0.490091 -0.241274 -0.285924
v 0.487806 -0.298357 -0.300103
v -0.486484 -0.298357 -0.300103
v 0.490990 -0.283585 -0.267303
v -0.489668 -0.283585 -0.267303
v 0.428027 -0.337587 -0.282602
v -0.426705 -0.337587 -0.282602
v 0.427007 -0.373174 -0.263025
v -0.425685 -0.373174 -0.263025
v 0.486003 -0.338460 -0.281652
v -0.484681 -0.338460 -0.281652
v 0.489631 -0.311894 -0.251710
v -0.488309 -0.311894 -0.251709
v 0.485049 -0.374133 -0.262010
v -0.483727 -0.374133 -0.262010
v 0.488470 -0.352053 -0.229691
v -0.487148 -0.352053 -0.229691
v 0.418505 -0.406582 -0.237255
v -0.417183 -0.406582 -0.237254
v 0.413403 -0.371929 -0.212168
v -0.412081 -0.371929 -0.212167
v 0.428879 -0.439409 -0.207811
v -0.427557 -0.439409 -0.207810
v 0.491164 -0.407915 -0.235881
v -0.489842 -0.407915 -0.235881
v 0.495978 -0.373556 -0.210489
v -0.494656 -0.373556 -0.210489
v 0.478161 -0.440411 -0.206801
v -0.476839 -0.440411 -0.206800
v 0.481276 -0.408025 -0.178469
v -0.479954 -0.408025 -0.178469
v 0.455623 -0.230471 -0.269339
v -0.454301 -0.230471 -0.269339
v 0.419333 -0.253488 -0.260239
v -0.418011 -0.253488 -0.260238
v 0.457780 -0.276571 -0.252277
v -0.456459 -0.276571 -0.252276
v 0.494123 -0.254265 -0.261263
v -0.492801 -0.254265 -0.261263
v 0.456634 -0.295529 -0.238823
v -0.455312 -0.295529 -0.238823
v 0.417011 -0.318943 -0.226750
v -0.415689 -0.318943 -0.226750
v 0.455224 -0.342962 -0.213314
v -0.453902 -0.342962 -0.213314
v 0.494877 -0.320366 -0.225235
v -0.493555 -0.320366 -0.225234
v 0.454725 -0.356068 -0.201787
v -0.453403 -0.356068 -0.201786
v 0.412777 -0.374980 -0.183931
v -0.411455 -0.374980 -0.183931
v 0.453349 -0.394635 -0.164487
v -0.452027 -0.394635 -0.164486
v 0.495246 -0.376757 -0.182118
v -0.493924 -0.376757 -0.182118
v 0.424245 -0.211478 -0.225124
v -0.422923 -0.211478 -0.225124
v 0.425260 -0.247721 -0.208020
v -0.423938 -0.247721 -0.208020
v 0.489057 -0.212293 -0.225338
v -0.487735 -0.212293 -0.225337
v 0.488510 -0.248845 -0.207025
v -0.487188 -0.248845 -0.207025
v 0.423551 -0.268990 -0.195438
v -0.422228 -0.268990 -0.195437
v 0.422188 -0.304056 -0.176470
v -0.420866 -0.304056 -0.176469
v 0.488875 -0.270267 -0.194060
v -0.487553 -0.270267 -0.194059
v 0.488383 -0.305466 -0.174990
v -0.487060 -0.305466 -0.174990
v 0.418778 -0.321710 -0.163741
v -0.417456 -0.321710 -0.163741
v 0.427923 -0.353657 -0.140029
v -0.426601 -0.353657 -0.140029
v 0.490834 -0.323322 -0.162073
v -0.489512 -0.323322 -0.162073
v 0.480041 -0.354922 -0.138747
v -0.478719 -0.354922 -0.138746
v 0.446068 -0.111316 -0.243790
v -0.444746 -0.111316 -0.243790
v 0.420331 -0.121718 -0.222933
v -0.419009 -0.121718 -0.222932
v 0.416036 -0.097764 -0.233541
v -0.414714 -0.097764 -0.233541
v 0.466443 -0.088855 -0.245422
v -0.465121 -0.088855 -0.245422
v 0.477769 -0.111276 -0.235814
v -0.476447 -0.111276 -0.235814
v 0.436413 -0.075084 -0.235167
v -0.435091 -0.075084 -0.235166
v 0.465186 -0.066808 -0.221908
v -0.463864 -0.066808 -0.221908
v 0.436176 -0.064558 -0.213230
v -0.434854 -0.064558 -0.213229
v 0.450892 -0.123733 -0.231679
v -0.449570 -0.123733 -0.231678
v 0.402721 -0.284131 -0.072912
v -0.401399 -0.284131 -0.072912
v 0.408925 -0.230037 -0.100864
v -0.407603 -0.230037 -0.100864
v 0.415900 -0.179065 -0.129665
v -0.414578 -0.179065 -0.129664
v 0.513766 -0.287364 -0.069717
v -0.512444 -0.287364 -0.069717
v 0.537997 -0.234738 -0.097156
v -0.536674 -0.234738 -0.097156
v 0.527131 -0.176569 -0.130169
v -0.525809 -0.176569 -0.130169
v 0.455734 -0.312303 -0.058002
v -0.454412 -0.312303 -0.058001
v 0.456842 -0.153427 -0.163146
v -0.455520 -0.153427 -0.163146
v 0.411899 -0.285416 -0.139024
v -0.410576 -0.285416 -0.139024
v 0.391548 -0.230806 -0.044025
v -0.390226 -0.230806 -0.044025
v 0.416129 -0.236974 -0.165868
v -0.414807 -0.236974 -0.165868
v 0.408589 -0.170291 -0.076339
v -0.407267 -0.170291 -0.076338
v 0.536564 -0.235640 -0.039740
v -0.535242 -0.235640 -0.039739
v 0.500156 -0.238726 -0.164034
v -0.498834 -0.238726 -0.164033
v 0.539020 -0.173190 -0.073524
v -0.537698 -0.173190 -0.073523
v 0.426336 -0.277029 -0.027072
v -0.425014 -0.277029 -0.027072
v 0.398960 -0.131760 -0.108715
v -0.397638 -0.131760 -0.108715
v 0.421793 -0.190728 -0.189902
v -0.420471 -0.190728 -0.189901
v 0.489281 -0.278968 -0.025101
v -0.487959 -0.278968 -0.025100
v 0.507239 -0.123339 -0.113078
v -0.505917 -0.123339 -0.113078
v 0.494260 -0.190957 -0.189358
v -0.492938 -0.190957 -0.189358
v 0.459385 -0.270058 -0.327040
v -0.458063 -0.270058 -0.327040
v 0.436321 -0.285035 -0.321289
v -0.434999 -0.285035 -0.321289
v 0.458770 -0.300336 -0.314934
v -0.457448 -0.300336 -0.314934
v 0.481856 -0.285610 -0.320644
v -0.480534 -0.285610 -0.320643
v 0.457073 -0.350260 -0.292188
v -0.455751 -0.350260 -0.292187
v 0.432786 -0.364836 -0.284502
v -0.431464 -0.364836 -0.284501
v 0.456281 -0.379830 -0.276091
v -0.454960 -0.379830 -0.276090
v 0.480592 -0.365560 -0.283723
v -0.479270 -0.365560 -0.283722
v 0.454867 -0.424064 -0.245102
v -0.453545 -0.424064 -0.245101
v 0.429019 -0.437465 -0.233355
v -0.427697 -0.437465 -0.233355
v 0.453786 -0.451462 -0.220720
v -0.452464 -0.451462 -0.220720
v 0.479557 -0.438412 -0.232391
v -0.478235 -0.438412 -0.232391
v 0.455281 -0.296185 -0.150847
v -0.453958 -0.296185 -0.150847
v 0.456487 -0.245726 -0.179196
v -0.455165 -0.245726 -0.179195
v 0.463588 -0.206945 0.025051
v -0.462265 -0.206945 0.025052
v 0.418497 -0.233854 0.001180
v -0.417175 -0.233854 0.001180
v 0.391529 -0.163891 -0.003924
v -0.390207 -0.163891 -0.003924
v 0.407303 -0.117452 -0.054503
v -0.405981 -0.117452 -0.054503
v 0.498824 -0.311463 -0.120774
v -0.497502 -0.311463 -0.120774
v 0.503966 -0.236647 0.004000
v -0.502644 -0.236647 0.004000
v 0.539822 -0.168877 -0.000306
v -0.538500 -0.168877 -0.000305
v 0.503396 -0.117863 -0.057091
v -0.502074 -0.117863 -0.057090
v 0.459216 -0.251594 0.004233
v -0.457894 -0.251594 0.004233
v 0.457513 -0.184002 -0.193326
v -0.456191 -0.184002 -0.193325
v 0.442721 -0.094859 -0.065843
v -0.441399 -0.094859 -0.065843
v 0.443210 -0.066282 -0.167909
v -0.441888 -0.066282 -0.167908
v 0.487881 -0.090286 -0.193700
v -0.486559 -0.090286 -0.193700
v 0.486425 -0.093564 -0.178115
v -0.485103 -0.093564 -0.178115
v 0.413083 -0.106086 -0.177892
v -0.411761 -0.106086 -0.177892
v 0.422353 -0.108064 -0.165369
v -0.421031 -0.108064 -0.165369
v 0.457719 -0.129865 -0.203622
v -0.456397 -0.129865 -0.203621
v 0.452234 -0.108123 -0.044576
v -0.450912 -0.108123 -0.044576
v 0.459463 -0.253237 -0.319945
v -0.458141 -0.253237 -0.319945
v 0.457549 -0.233554 -0.288786
v -0.456227 -0.233554 -0.288786
v 0.419974 -0.278502 -0.309399
v -0.418652 -0.278502 -0.309399
v 0.458360 -0.304057 -0.297827
v -0.457038 -0.304057 -0.297827
v 0.497914 -0.279533 -0.308244
v -0.496592 -0.279533 -0.308244
v 0.457163 -0.331824 -0.285438
v -0.455841 -0.331824 -0.285437
v 0.456887 -0.304327 -0.256021
v -0.455565 -0.304327 -0.256021
v 0.417863 -0.355381 -0.272948
v -0.416541 -0.355381 -0.272947
v 0.455853 -0.379347 -0.259292
v -0.454531 -0.379347 -0.259292
v 0.455325 -0.357817 -0.226721
v -0.454003 -0.357817 -0.226721
v 0.495189 -0.356601 -0.271638
v -0.493867 -0.356601 -0.271638
v 0.455072 -0.401333 -0.241531
v -0.453750 -0.401333 -0.241531
v 0.454931 -0.366332 -0.216819
v -0.453609 -0.366332 -0.216818
v 0.413524 -0.422960 -0.222695
v -0.412202 -0.422960 -0.222695
v 0.407865 -0.389343 -0.196132
v -0.406542 -0.389343 -0.196132
v 0.453355 -0.445244 -0.202458
v -0.452033 -0.445244 -0.202458
v 0.494808 -0.424532 -0.221095
v -0.493486 -0.424532 -0.221094
v 0.500168 -0.391267 -0.194172
v -0.498846 -0.391267 -0.194171
v 0.456598 -0.205509 -0.228236
v -0.455276 -0.205509 -0.228236
v 0.414089 -0.229614 -0.216601
v -0.412767 -0.229614 -0.216601
v 0.456886 -0.254063 -0.204625
v -0.455564 -0.254063 -0.204624
v 0.499480 -0.230902 -0.216079
v -0.498158 -0.230902 -0.216079
v 0.456332 -0.263439 -0.197979
v -0.455010 -0.263439 -0.197978
v 0.411926 -0.286516 -0.186148
v -0.410604 -0.286516 -0.186147
v 0.455125 -0.310277 -0.172624
v -0.453803 -0.310277 -0.172624
v 0.499581 -0.288306 -0.184244
v -0.498259 -0.288306 -0.184243
v 0.454946 -0.316745 -0.166917
v -0.453624 -0.316745 -0.166916
v 0.413010 -0.337631 -0.152092
v -0.411688 -0.337631 -0.152091
v 0.453883 -0.359433 -0.135503
v -0.452561 -0.359433 -0.135503
v 0.495768 -0.339559 -0.150117
v -0.494446 -0.339559 -0.150116
v 0.440476 -0.092864 -0.245171
v -0.439154 -0.092864 -0.245170
v 0.406271 -0.101323 -0.213935
v -0.404949 -0.101323 -0.213935
v 0.480791 -0.087330 -0.231013
v -0.479469 -0.087330 -0.231013
v 0.402624 -0.258023 -0.033545
v -0.401301 -0.258023 -0.033545
v 0.411790 -0.309282 -0.123002
v -0.410468 -0.309282 -0.123001
v 0.398712 -0.199502 -0.059480
v -0.397390 -0.199502 -0.059479
v 0.409255 -0.260947 -0.151040
v -0.407932 -0.260947 -0.151039
v 0.405558 -0.148643 -0.090808
v -0.404236 -0.148643 -0.090808
v 0.411959 -0.209901 -0.179360
v -0.410637 -0.209901 -0.179360
v 0.517134 -0.261593 -0.029989
v -0.515812 -0.261593 -0.029989
v 0.508097 -0.263346 -0.148665
v -0.506775 -0.263346 -0.148664
v 0.543388 -0.204721 -0.055251
v -0.542066 -0.204721 -0.055251
v 0.506955 -0.210996 -0.178055
v -0.505633 -0.210996 -0.178055
v 0.524892 -0.145325 -0.091542
v -0.523570 -0.145325 -0.091542
v 0.454571 -0.333320 -0.108103
v -0.453249 -0.333320 -0.108103
v 0.457148 -0.284033 -0.024201
v -0.455826 -0.284033 -0.024201
v 0.459135 -0.287371 -0.325028
v -0.457813 -0.287371 -0.325027
v 0.456737 -0.368195 -0.288068
v -0.455415 -0.368195 -0.288068
v 0.454374 -0.442603 -0.236548
v -0.453052 -0.442603 -0.236548
v 0.461779 -0.226776 0.013961
v -0.460457 -0.226776 0.013961
v 0.173612 0.157852 0.621759
v 0.124681 0.204123 0.532134
v 0.039222 0.258846 0.494909
v 0.038044 0.152069 0.896123
v -0.066784 0.724019 -0.686126
v 0.068105 0.724019 -0.686126
v -0.064742 0.865538 -0.649596
v 0.066063 0.865538 -0.649596
v -0.062832 1.058327 -0.555158
v 0.064153 1.058327 -0.555158
v 0.069949 0.538711 -0.633749
v -0.199200 0.862526 -0.611355
v 0.200521 0.862526 -0.611355
v -0.212909 0.714325 -0.638801
v 0.214230 0.714325 -0.638801
v -0.202398 0.545383 -0.588698
v 0.203719 0.545383 -0.588698
v -0.262662 0.554319 -0.471060
v 0.263984 0.554319 -0.471061
v -0.286443 0.861693 -0.513363
v 0.287764 0.861693 -0.513363
v -0.243413 0.873965 -0.126185
v 0.244734 0.873965 -0.126186
v -0.206672 0.894669 -0.060979
v 0.207993 0.894669 -0.060979
v -0.109037 0.895776 0.333021
v 0.110359 0.895776 0.333021
v -0.293596 0.739867 -0.227148
v 0.294918 0.739867 -0.227148
v -0.283029 0.579200 -0.231289
v 0.284350 0.579200 -0.231290
v -0.289223 0.718069 -0.511704
v 0.290544 0.718069 -0.511705
v -0.310405 0.852446 -0.332490
v 0.311726 0.852446 -0.332491
v -0.297577 0.717100 -0.333937
v 0.298898 0.717100 -0.333937
v -0.279490 0.555991 -0.333852
v 0.280812 0.555991 -0.333853
v -0.244846 0.989449 -0.463478
v 0.246168 0.989449 -0.463478
v -0.290669 0.857400 -0.211750
v 0.291991 0.857400 -0.211750
v -0.253508 0.971358 -0.219917
v 0.254830 0.971358 -0.219917
v -0.173718 1.083023 -0.218818
v 0.175039 1.083023 -0.218818
v -0.062605 1.144342 -0.226932
v 0.063927 1.144342 -0.226932
v -0.255442 0.768679 -0.142795
v 0.256763 0.768679 -0.142795
v -0.239294 0.617840 -0.159265
v 0.240615 0.617840 -0.159266
v -0.232274 0.792407 -0.083441
v 0.233595 0.792407 -0.083441
v -0.155647 0.938761 -0.065442
v 0.156968 0.938761 -0.065443
v -0.194911 0.958303 -0.126342
v 0.196233 0.958303 -0.126342
v -0.108580 0.999114 -0.075500
v 0.109902 0.999114 -0.075500
v -0.137207 1.039486 -0.128554
v 0.138528 1.039486 -0.128555
v 0.056970 1.080236 -0.137692
v -0.052777 1.021338 -0.073886
v 0.054099 1.021338 -0.073886
v -0.273176 0.979293 -0.343094
v 0.274498 0.979293 -0.343095
v -0.188963 1.102879 -0.340940
v 0.190284 1.102879 -0.340940
v -0.181447 1.064010 -0.486067
v 0.182768 1.064010 -0.486067
v 0.059572 1.164236 -0.358203
v -0.068628 0.538711 -0.633749
v -0.055648 1.080236 -0.137692
v -0.058251 1.164236 -0.358203
v -0.076738 0.397161 -0.339928
v 0.078059 0.397161 -0.339928
v -0.220520 0.450650 -0.338155
v 0.221842 0.450650 -0.338156
v -0.209487 0.458262 -0.445971
v 0.210808 0.458262 -0.445971
v -0.080089 0.404049 -0.445586
v 0.081410 0.404049 -0.445586
v -0.213416 0.899894 -0.029817
v 0.214738 0.899894 -0.029818
v -0.156385 0.941243 -0.035272
v 0.157707 0.941243 -0.035272
v 0.106660 1.006141 -0.054250
v -0.257557 0.885993 0.052583
v 0.258879 0.885993 0.052583
v -0.212612 0.922018 0.047563
v 0.213933 0.922018 0.047563
v -0.249251 0.885753 0.170647
v 0.250573 0.885753 0.170647
v -0.245315 0.837995 0.276879
v 0.246637 0.837995 0.276879
v -0.239835 0.736327 0.366198
v 0.241157 0.736327 0.366198
v -0.211453 0.912501 0.165797
v 0.212775 0.912501 0.165797
v -0.199299 0.881148 0.277617
v 0.200621 0.881148 0.277616
v -0.173817 0.808097 0.371872
v 0.175139 0.808097 0.371872
v -0.158465 0.686288 0.422225
v 0.159787 0.686288 0.422225
v -0.120504 0.779147 0.433061
v 0.121826 0.779147 0.433061
v -0.068598 0.663871 0.436039
v 0.069920 0.663871 0.436039
v 0.047394 0.775579 0.452716
v -0.046072 0.775579 0.452716
v 0.043543 0.880287 0.433570
v -0.101743 0.885345 0.398804
v 0.103065 0.885345 0.398804
v -0.042221 0.880287 0.433570
v -0.041715 0.973998 0.357253
v 0.043037 0.973998 0.357253
v -0.097161 0.967019 0.325438
v 0.098483 0.967019 0.325437
v -0.145927 0.861613 0.350897
v 0.147249 0.861613 0.350897
v -0.080508 1.113224 0.267914
v 0.081830 1.113224 0.267914
v 0.025579 1.117625 0.291439
v -0.186779 0.984269 0.035808
v 0.188101 0.984269 0.035808
v -0.181306 1.088654 0.039266
v 0.182628 1.088654 0.039266
v -0.171405 1.169037 0.058250
v 0.172727 1.169037 0.058250
v -0.169987 0.976062 0.140494
v 0.171309 0.976062 0.140494
v -0.159278 0.949258 0.263898
v 0.160600 0.949258 0.263898
v -0.177552 1.149086 0.133038
v 0.178874 1.149086 0.133038
v -0.172653 1.078305 0.127675
v 0.173975 1.078305 0.127674
v -0.156935 1.096051 0.225605
v 0.158257 1.096051 0.225605
v -0.142429 1.155658 0.212845
v 0.143751 1.155658 0.212845
v -0.076079 1.163255 0.251744
v 0.077401 1.163255 0.251744
v -0.020652 1.165457 0.267194
v 0.021974 1.165457 0.267194
v -0.148458 1.232135 0.178766
v 0.149780 1.232135 0.178766
v -0.080174 1.228562 0.214506
v 0.081496 1.228562 0.214506
v 0.020711 1.223408 0.228890
v -0.135896 1.229942 0.077909
v 0.137218 1.229942 0.077909
v -0.162064 1.219186 0.140013
v 0.163386 1.219186 0.140013
v -0.019383 1.269633 0.100806
v 0.020704 1.269633 0.100806
v -0.018778 1.264426 0.141947
v 0.020099 1.264426 0.141947
v -0.060358 1.281921 0.139902
v 0.061680 1.281921 0.139902
v 0.060988 1.278742 0.105080
v -0.101936 1.269378 0.094230
v 0.103258 1.269378 0.094230
v -0.108073 1.281145 0.139902
v 0.109395 1.281145 0.139902
v -0.024257 1.117625 0.291439
v -0.019389 1.223408 0.228890
v -0.108993 1.274632 0.165725
v 0.110315 1.274632 0.165725
v -0.073827 1.269541 0.184581
v 0.075149 1.269541 0.184580
v -0.021547 1.250870 0.184448
v 0.022869 1.250870 0.184448
v 0.010716 1.207621 -0.000520
v -0.009152 1.259948 0.037021
v -0.027041 1.073712 -0.044385
v -0.009394 1.207621 -0.000520
v -0.087197 1.010543 0.279731
v 0.088519 1.010543 0.279731
v 0.033168 1.012097 0.307404
v -0.183362 1.013264 0.038036
v 0.184684 1.013264 0.038036
v -0.172706 1.007006 0.121926
v 0.174027 1.007006 0.121926
v -0.162386 1.008924 0.236958
v 0.163708 1.008924 0.236958
v -0.031847 1.012097 0.307404
v 0.028363 1.073712 -0.044385
v -0.294064 0.835102 0.169037
v 0.295386 0.835102 0.169036
v -0.303373 0.833638 0.062769
v 0.304694 0.833638 0.062769
v -0.322216 0.731048 0.188894
v 0.323538 0.731048 0.188894
v -0.329324 0.601256 0.201596
v 0.330645 0.601256 0.201596
v -0.288632 0.458292 0.196528
v 0.289954 0.458292 0.196527
v -0.339706 0.743463 0.074465
v 0.341028 0.743463 0.074464
v -0.344228 0.589507 0.082074
v 0.345550 0.589507 0.082074
v -0.296324 0.444529 0.079037
v 0.297646 0.444529 0.079037
v -0.171445 0.401146 -0.084178
v 0.172766 0.401146 -0.084178
v -0.153501 0.380265 -0.147715
v 0.154822 0.380265 -0.147715
v -0.134618 0.384683 -0.179992
v 0.135940 0.384683 -0.179992
v -0.211890 0.437178 -0.027399
v 0.213211 0.437178 -0.027400
v -0.282197 0.799760 0.253190
v 0.283519 0.799760 0.253190
v -0.288111 0.720922 0.285896
v 0.289433 0.720922 0.285896
v -0.280630 0.609431 0.300565
v 0.281952 0.609431 0.300565
v -0.256611 0.502206 0.280073
v 0.257933 0.502206 0.280073
v -0.227652 0.609781 0.365648
v 0.228974 0.609781 0.365647
v -0.208067 0.518162 0.341572
v 0.209389 0.518162 0.341572
v -0.168274 0.584948 0.396943
v 0.169596 0.584948 0.396943
v -0.132935 0.511130 0.372127
v 0.134257 0.511130 0.372127
v -0.184246 0.508471 -0.175563
v 0.185567 0.508471 -0.175563
v -0.214005 0.462719 -0.241426
v 0.215326 0.462719 -0.241426
v 0.076422 0.421438 -0.246484
v 0.053953 0.475231 -0.172406
v -0.075101 0.421438 -0.246484
v -0.052632 0.475231 -0.172406
v -0.253878 0.847735 -0.029050
v 0.255199 0.847735 -0.029050
v -0.291287 0.801461 -0.031735
v 0.292608 0.801461 -0.031735
v -0.320638 0.723029 -0.028465
v 0.321959 0.723029 -0.028466
v -0.324422 0.572751 -0.019742
v 0.325744 0.572751 -0.019743
v -0.282683 0.470507 -0.013352
v 0.284004 0.470507 -0.013352
v -0.242417 0.690101 -0.109049
v 0.243739 0.690101 -0.109050
v -0.275703 0.684878 -0.094113
v 0.277024 0.684878 -0.094113
v -0.274529 0.568924 -0.080474
v 0.275851 0.568924 -0.080474
v -0.257126 0.536742 -0.086710
v 0.258448 0.536742 -0.086710
v -0.214448 0.501236 -0.098049
v 0.215770 0.501236 -0.098049
v -0.167943 0.422286 -0.142517
v 0.169265 0.422286 -0.142517
v -0.143400 0.417935 -0.172402
v 0.144722 0.417935 -0.172402
v 0.064396 0.374576 -0.232520
v -0.063075 0.374576 -0.232520
v -0.159771 0.463834 -0.536914
v 0.161092 0.463834 -0.536914
v 0.068511 0.451167 -0.560577
v -0.067189 0.451167 -0.560577
v -0.059463 0.336304 -0.235740
v 0.060784 0.336304 -0.235740
v -0.130205 0.355714 -0.181043
v 0.131527 0.355714 -0.181043
v -0.133344 0.347565 -0.137704
v 0.134666 0.347565 -0.137704
v 0.065531 0.320789 -0.187814
v 0.060857 0.336685 -0.104434
v -0.064210 0.320789 -0.187814
v -0.059535 0.336685 -0.104434
v -0.180190 0.565019 -0.122955
v 0.181512 0.565019 -0.122955
v -0.057206 0.531864 -0.115369
v 0.058528 0.531864 -0.115369
v -0.057694 0.459706 -0.148465
v 0.059016 0.459706 -0.148465
v -0.064395 0.412552 -0.215325
v 0.065716 0.412552 -0.215325
v -0.165784 0.467295 -0.126693
v 0.167106 0.467295 -0.126693
v -0.179163 0.443251 -0.107175
v 0.180485 0.443251 -0.107175
v -0.119952 0.348432 -0.105007
v 0.121273 0.348432 -0.105007
v -0.064337 0.227739 1.236858
v 0.065660 0.227739 1.236858
v -0.119843 0.091887 1.239467
v 0.121165 0.091887 1.239467
v -0.077253 0.032985 1.274196
v 0.078576 0.032985 1.274196
v -0.118130 0.175621 1.092143
v 0.119453 0.175621 1.092143
v -0.179705 0.054408 1.052506
v 0.181028 0.054408 1.052506
v -0.105358 -0.182397 1.133053
v 0.106680 -0.182397 1.133052
v -0.209655 -0.127099 0.997809
v 0.210978 -0.127099 0.997809
v -0.052704 -0.308308 1.004602
v -0.115295 -0.273832 1.007006
v 0.116618 -0.273832 1.007006
v -0.121823 0.118272 0.830396
v -0.138681 -0.352107 0.339111
v 0.140003 -0.352107 0.339111
v -0.062197 -0.388665 0.322604
v -0.152654 0.405297 0.199637
v 0.153976 0.405297 0.199636
v -0.181805 0.150088 0.482307
v 0.183127 0.150088 0.482307
v -0.259247 -0.147210 0.403698
v 0.260569 -0.147210 0.403698
v -0.173116 -0.339289 0.267058
v 0.174438 -0.339289 0.267058
v -0.249963 -0.090629 0.033837
v 0.251284 -0.090629 0.033837
v -0.155625 0.300532 0.284233
v 0.156946 0.300532 0.284233
v -0.163280 0.113148 0.007055
v 0.164601 0.113148 0.007055
v -0.120682 0.416553 0.247392
v 0.122004 0.416553 0.247392
v -0.103496 0.359825 0.006936
v 0.104817 0.359825 0.006936
v -0.079142 0.191549 1.250276
v 0.080465 0.191549 1.250276
v -0.035014 0.242081 1.233527
v -0.076205 0.156143 1.272725
v 0.077528 0.156143 1.272725
v -0.053501 0.135607 1.296386
v 0.054824 0.135607 1.296386
v -0.027168 0.129917 1.306128
v -0.096986 0.207874 1.166674
v 0.098309 0.207874 1.166673
v -0.062909 0.185185 1.073073
v 0.064231 0.185185 1.073073
v -0.154181 0.004770 1.184255
v 0.155503 0.004770 1.184255
v -0.047698 -0.100019 1.212775
v -0.056100 0.163350 0.977338
v 0.057422 0.163350 0.977338
v -0.112833 0.150472 0.993705
v 0.114156 0.150472 0.993705
v -0.050604 -0.207436 1.133150
v 0.051927 -0.207436 1.133150
v -0.121151 0.098623 0.925914
v 0.122473 0.098623 0.925914
v 0.054026 -0.308308 1.004602
v -0.183015 0.142801 0.604696
v 0.184337 0.142801 0.604695
v -0.198569 -0.303870 0.414046
v 0.199891 -0.303870 0.414046
v 0.057940 -0.445026 0.476388
v -0.193280 -0.297009 0.360831
v 0.194602 -0.297009 0.360831
v 0.063519 -0.388665 0.322604
v -0.160449 0.328370 0.210746
v 0.161771 0.328370 0.210746
v -0.163086 0.380161 0.088048
v 0.164407 0.380161 0.088047
v -0.058827 0.252530 0.473307
v 0.060149 0.252530 0.473307
v -0.215976 -0.245542 0.139827
v 0.217298 -0.245542 0.139827
v -0.064111 0.275295 0.376458
v 0.065433 0.275295 0.376458
v -0.199618 0.231572 0.375777
v 0.200940 0.231572 0.375777
v 0.102935 -0.091993 0.007573
v -0.101613 -0.091993 0.007573
v 0.074509 0.129784 -0.020527
v -0.073188 0.129784 -0.020527
v -0.070572 0.364174 0.265156
v -0.099285 0.332772 0.299266
v 0.100607 0.332772 0.299266
v -0.129334 0.277977 0.015174
v 0.130656 0.277977 0.015174
v -0.068235 0.415490 0.270917
v 0.069557 0.415490 0.270917
v -0.139417 0.360043 0.043357
v 0.140739 0.360043 0.043357
v -0.059411 0.351793 -0.003708
v 0.060732 0.351793 -0.003708
v -0.293892 -0.082509 0.093687
v 0.295214 -0.082509 0.093687
v 0.036337 0.242081 1.233527
v 0.028491 0.129917 1.306128
v -0.121772 0.153918 1.204558
v 0.123095 0.153918 1.204558
v -0.053370 0.215398 1.151529
v 0.054693 0.215398 1.151529
v -0.040497 0.020976 1.273709
v 0.041820 0.020976 1.273709
v -0.155268 0.097590 1.142605
v 0.156591 0.097590 1.142605
v -0.094455 -0.081404 1.213554
v 0.095778 -0.081404 1.213554
v 0.049021 -0.100019 1.212775
v -0.182637 -0.066921 1.099220
v 0.183960 -0.066921 1.099220
v -0.212253 0.014605 0.969826
v 0.213575 0.014605 0.969826
v -0.066644 -0.373502 0.848071
v 0.067967 -0.373502 0.848071
v -0.289929 0.031206 0.755986
v 0.291252 0.031206 0.755985
v -0.025537 -0.450981 0.624120
v 0.026859 -0.450981 0.624120
v -0.237021 -0.296196 0.310613
v 0.238343 -0.296196 0.310613
v -0.089492 -0.342828 0.250407
v 0.090814 -0.342828 0.250406
v -0.258257 -0.000665 0.471861
v 0.259579 -0.000665 0.471860
v -0.183746 0.284856 0.112557
v 0.185068 0.284856 0.112556
v -0.123317 0.356283 0.249177
v 0.124638 0.356283 0.249177
v -0.279525 -0.189900 0.182325
v 0.280847 -0.189900 0.182325
v -0.115691 -0.254140 0.125548
v 0.117012 -0.254140 0.125548
v -0.205929 0.090478 0.060311
v 0.207251 0.090478 0.060311
v 0.071894 0.364174 0.265155
v -0.163320 0.269703 0.056474
v 0.164642 0.269703 0.056473
v -0.069855 0.282145 -0.001413
v 0.071176 0.282145 -0.001413
v -0.242583 -0.154608 0.932204
v 0.243906 -0.154608 0.932204
v -0.069441 -0.438864 0.637390
v -0.154796 -0.318212 0.862421
v 0.156119 -0.318212 0.862421
v -0.238152 -0.110734 0.486644
v -0.155960 0.387387 0.151435
v 0.157281 0.387387 0.151435
v -0.174397 0.314864 0.161281
v 0.175719 0.314864 0.161281
v -0.036613 0.211743 1.313728
v 0.037936 0.211743 1.313728
v -0.013701 0.227356 1.328955
v 0.015024 0.227356 1.328955
v -0.057307 0.195182 1.285194
v 0.058629 0.195182 1.285194
v -0.041410 0.245529 1.290601
v 0.042733 0.245529 1.290601
v -0.018334 0.266542 1.312089
v 0.019657 0.266542 1.312089
v -0.059131 0.212349 1.273775
v 0.060453 0.212349 1.273775
v -0.037900 0.258846 0.494909
v -0.036721 0.152069 0.896123
v 0.172934 0.126465 0.731798
v -0.171612 0.126465 0.731798
v 0.123145 0.118272 0.830396
v -0.123359 0.204123 0.532135
v -0.172290 0.157852 0.621759
v -0.000719 0.834447 0.491912
v -0.043586 0.777195 0.580882
v -0.050391 0.648890 0.556731
v -0.005855 0.623822 0.404675
v -0.029469 0.703655 0.573773
v -0.069614 0.702110 0.572652
v -0.029385 0.719028 0.454765
v 0.022826 0.712738 0.449668
v 0.018320 0.802250 0.482374
v 0.014336 0.647316 0.417928
v -0.000716 0.843421 0.468575
v -0.021034 0.802407 0.481500
v -0.010177 0.820049 0.536847
v -0.061829 0.751010 0.593341
v -0.070364 0.661528 0.579435
v -0.020219 0.649759 0.486461
v -0.024726 0.654449 0.420404
v -0.002557 0.616499 0.393797
v -0.048455 0.659697 0.572662
v -0.036770 0.749577 0.568566
v 0.014492 0.719800 0.512442
v -0.044883 0.727224 0.534507
v -0.026593 0.700586 0.381019
v 0.025210 0.692847 0.378553
v 0.025376 0.838448 0.418446
v 0.006924 0.794297 0.532204
v -0.000436 0.663433 0.494959
v 0.025190 0.615517 0.363741
v -0.026749 0.828521 0.413946
v -0.036336 0.801419 0.537167
v -0.065325 0.707253 0.605618
v -0.043493 0.665977 0.507857
v -0.026551 0.623480 0.365498
v 0.026120 0.810086 0.435577
v 0.009796 0.940811 0.517084
v -0.045577 0.987369 0.586266
v 0.009799 1.061231 0.404620
v 0.020037 0.980505 0.199099
v -0.022530 0.810668 0.436291
v -0.023050 0.941099 0.517553
v -0.023056 1.061204 0.404703
v -0.016443 0.980505 0.199099
v -0.022465 0.926971 0.318771
v 0.026050 0.926823 0.318589
v 0.017639 1.006147 0.459965
v -0.027506 1.006327 0.460314
v -0.042313 1.038136 0.520876
v -0.042311 0.956780 0.578443
v 0.001809 0.842056 0.471432
v 0.020192 0.902429 0.465870
v -0.004946 0.916294 0.530937
v -0.021750 0.956654 0.577960
v -0.021750 1.038181 0.520586
v -0.004947 1.080028 0.375470
v 0.020183 1.033028 0.297609
v 0.001805 0.996826 0.158167
v -0.016579 0.902785 0.466306
v -0.016571 1.033028 0.297609
v -0.022670 0.975568 0.388465
v 0.026278 0.975367 0.388218
v -0.008808 1.003819 0.532413
v -0.041699 1.003893 0.532930
v 0.001812 0.875162 0.489450
v -0.025260 0.936799 0.576679
v -0.025262 1.063984 0.482724
v 0.001811 1.050109 0.265858
v 0.014801 0.440658 0.303774
v 0.006793 0.411103 0.415816
v -0.018418 0.507220 0.483959
v -0.018453 0.655912 0.392680
v -0.039356 0.449696 0.445090
v -0.008555 0.450432 0.461657
v 0.017691 0.550697 0.370216
v -0.031315 0.559005 0.348955
v -0.009803 0.470674 0.311284
v -0.033950 0.629330 0.376662
v 0.024060 0.451874 0.282585
v 0.027025 0.471213 0.327325
v 0.006448 0.417120 0.346705
v -0.001816 0.409736 0.443397
v -0.013250 0.472590 0.494011
v -0.020778 0.576464 0.433807
v 0.003932 0.622410 0.390154
v -0.020614 0.669224 0.389186
v -0.028907 0.479156 0.481733
v -0.010217 0.430472 0.418867
v -0.039353 0.506165 0.387716
v 0.006193 0.472108 0.416286
v 0.030596 0.618942 0.334104
v -0.019448 0.626283 0.315439
v 0.012483 0.493015 0.242354
v -0.015831 0.438894 0.353804
v -0.037447 0.560344 0.421501
v -0.038207 0.692313 0.358385
v 0.058767 0.503421 0.268503
v 0.025119 0.430202 0.370560
v -0.028960 0.422080 0.476862
v -0.000296 0.547303 0.445560
v 0.012212 0.685341 0.376444
v 0.382455 -0.540195 0.594117
v 0.344272 -0.536956 0.509866
v -0.342950 -0.536956 0.509866
v 0.260260 -0.537066 0.479289
v -0.258938 -0.537066 0.479289
v 0.205919 -0.545186 0.709263
v -0.204597 -0.545186 0.709263
v -0.161699 -0.542392 0.621953
v 0.179287 -0.539667 0.542684
v -0.274471 -0.598228 0.407934
v 0.275793 -0.598228 0.407934
v -0.274852 -0.603552 0.320572
v 0.276173 -0.603552 0.320572
v -0.135399 -0.700901 0.409883
v 0.136721 -0.700901 0.409883
v -0.421975 -0.703740 0.315511
v 0.423297 -0.703740 0.315511
v -0.429540 -0.775109 0.315903
v 0.430861 -0.775109 0.315902
v -0.146877 -0.703740 0.314251
v 0.148198 -0.703740 0.314251
v -0.274786 -0.775138 0.221772
v 0.276108 -0.775138 0.221772
v -0.274840 -0.711518 0.221772
v 0.276162 -0.711518 0.221772
v -0.423080 -0.710641 0.611577
v 0.424402 -0.710641 0.611576
v -0.145793 -0.710641 0.611576
v 0.147114 -0.710641 0.611576
v -0.274471 -0.715440 0.746334
v 0.275793 -0.715440 0.746333
v -0.274402 -0.614551 0.731237
v 0.275724 -0.614551 0.731237
v -0.158713 -0.606728 0.620755
v 0.160035 -0.606728 0.620755
v -0.395829 -0.605508 0.603512
v 0.397151 -0.605508 0.603512
v -0.268951 -0.600370 0.477664
v 0.270272 -0.600370 0.477664
v -0.161041 -0.817028 0.421914
v -0.177024 -0.617242 0.406293
v 0.178346 -0.617242 0.406293
v -0.267798 -0.649380 0.476697
v 0.269120 -0.649380 0.476697
v -0.418000 -0.817028 0.325333
v 0.419322 -0.817028 0.325333
v -0.382293 -0.622166 0.321530
v 0.383614 -0.622166 0.321530
v -0.186662 -0.622166 0.320282
v 0.187983 -0.622166 0.320282
v -0.275053 -0.630646 0.254236
v 0.276375 -0.630646 0.254236
v 0.276214 -0.817028 0.235025
v -0.424066 -0.648112 0.609069
v 0.425388 -0.648112 0.609068
v -0.419125 -0.817028 0.595561
v 0.420447 -0.817028 0.595561
v 0.171706 -0.817028 0.595561
v -0.146849 -0.646530 0.616541
v 0.148171 -0.646530 0.616541
v -0.274471 -0.656499 0.740361
v 0.275793 -0.656499 0.740361
v -0.162644 -0.775094 0.505882
v 0.163966 -0.775094 0.505882
v -0.143464 -0.707022 0.505882
v 0.144785 -0.707022 0.505882
v -0.433403 -0.700901 0.409884
v 0.434725 -0.700901 0.409883
v -0.400956 -0.775101 0.505883
v 0.402277 -0.775101 0.505882
v -0.430741 -0.707022 0.505883
v 0.432063 -0.707022 0.505882
v -0.376899 -0.710789 0.250208
v 0.378221 -0.710789 0.250208
v -0.192209 -0.710789 0.248091
v 0.193530 -0.710789 0.248091
v -0.192209 -0.775131 0.248091
v 0.193530 -0.775131 0.248090
v -0.378870 -0.714240 0.712645
v 0.380192 -0.714240 0.712644
v -0.189846 -0.714240 0.712644
v 0.191168 -0.714240 0.712644
v -0.189846 -0.775164 0.710744
v 0.191168 -0.775164 0.710743
v -0.441313 -0.775081 0.422954
v 0.442635 -0.775081 0.422953
v -0.146881 -0.775109 0.314248
v 0.148202 -0.775109 0.314248
v -0.430990 -0.775129 0.603974
v 0.432312 -0.775129 0.603974
v -0.152534 -0.775129 0.603974
v 0.153855 -0.775129 0.603974
v -0.274471 -0.775177 0.746334
v 0.275793 -0.775177 0.746333
v -0.353753 -0.612290 0.699306
v 0.355075 -0.612290 0.699306
v -0.274471 -0.596597 0.744319
v 0.275793 -0.596597 0.744319
v -0.193216 -0.612290 0.699306
v 0.194537 -0.612290 0.699306
v -0.147515 -0.587321 0.620589
v 0.148837 -0.587321 0.620588
v -0.179821 -0.599926 0.524674
v 0.181142 -0.599926 0.524674
v -0.363423 -0.598725 0.507718
v 0.364745 -0.598725 0.507718
v -0.409216 -0.586615 0.595561
v 0.410538 -0.586615 0.595561
v -0.262719 -0.576924 0.451132
v 0.264041 -0.576924 0.451132
v -0.183659 -0.817028 0.505882
v -0.389091 -0.817028 0.505883
v -0.152670 -0.655712 0.508122
v 0.153991 -0.655712 0.508122
v -0.391693 -0.617242 0.406293
v 0.393014 -0.617242 0.406293
v -0.405460 -0.661390 0.493632
v 0.406781 -0.661390 0.493631
v -0.349532 -0.643762 0.270623
v 0.350854 -0.643762 0.270623
v -0.219576 -0.643762 0.268994
v 0.220897 -0.643762 0.268994
v -0.203194 -0.817028 0.259489
v -0.379578 -0.654402 0.707539
v 0.380899 -0.654402 0.707538
v -0.189139 -0.654402 0.707538
v 0.190461 -0.654402 0.707538
v -0.144899 -0.775081 0.422953
v 0.146220 -0.775081 0.422953
v -0.384223 -0.775131 0.251046
v 0.385544 -0.775131 0.251046
v -0.386780 -0.775164 0.710744
v 0.388102 -0.775164 0.710744
v -0.362778 -0.594102 0.707130
v 0.364100 -0.594102 0.707129
v -0.184186 -0.594102 0.707129
v 0.185508 -0.594102 0.707129
v -0.164973 -0.581820 0.528865
v 0.166295 -0.581820 0.528864
v -0.373451 -0.579129 0.483993
v 0.374772 -0.579129 0.483993
v -0.362181 -0.547190 0.490092
v 0.363503 -0.547190 0.490092
v -0.402865 -0.552489 0.593410
v 0.404187 -0.552489 0.593409
v -0.370281 -0.556500 0.710979
v 0.371603 -0.556500 0.710979
v -0.275878 -0.559991 0.745409
v 0.277200 -0.559991 0.745408
v -0.190008 -0.558973 0.717639
v 0.191330 -0.558973 0.717639
v -0.259373 -0.546350 0.455761
v 0.260695 -0.546350 0.455761
v -0.145756 -0.554269 0.622635
v 0.147078 -0.554269 0.622635
v -0.164009 -0.550142 0.530923
v 0.165331 -0.550142 0.530923
v 0.162363 -0.817028 0.421913
v -0.158441 -0.817028 0.323624
v 0.159762 -0.817028 0.323624
v -0.274892 -0.817028 0.235025
v -0.170384 -0.817028 0.595561
v -0.274471 -0.817028 0.737181
v 0.275793 -0.817028 0.737181
v 0.184980 -0.817028 0.505882
v -0.429448 -0.817028 0.421914
v 0.430770 -0.817028 0.421913
v 0.390412 -0.817028 0.505882
v -0.373238 -0.817028 0.262314
v 0.374559 -0.817028 0.262314
v 0.204515 -0.817028 0.259489
v -0.374915 -0.817028 0.701777
v 0.376237 -0.817028 0.701776
v -0.201711 -0.817028 0.701776
v 0.203033 -0.817028 0.701776
v -0.149078 -0.825421 0.418970
v 0.150399 -0.825421 0.418970
v -0.171524 -0.825421 0.505882
v 0.172845 -0.825421 0.505882
v -0.427332 -0.825422 0.315285
v 0.428654 -0.825422 0.315285
v -0.439517 -0.825421 0.418970
v 0.440839 -0.825421 0.418969
v -0.379805 -0.825422 0.248973
v 0.381127 -0.825422 0.248972
v -0.149115 -0.825422 0.313599
v 0.150437 -0.825422 0.313599
v -0.196626 -0.825422 0.246020
v 0.197948 -0.825422 0.246020
v -0.274843 -0.825422 0.219853
v 0.276165 -0.825422 0.219853
v -0.428571 -0.825421 0.603097
v 0.429893 -0.825421 0.603097
v -0.398902 -0.825421 0.505883
v 0.400224 -0.825421 0.505882
v -0.381693 -0.825421 0.715723
v 0.383015 -0.825421 0.715722
v -0.157873 -0.825421 0.603097
v 0.159194 -0.825421 0.603097
v -0.194933 -0.825421 0.715722
v 0.196255 -0.825421 0.715722
v -0.274471 -0.825421 0.753264
v 0.275793 -0.825421 0.753264
v -0.171524 -0.874384 0.505882
v 0.172845 -0.874384 0.505882
v -0.149078 -0.874384 0.418970
v 0.150399 -0.874384 0.418970
v -0.439517 -0.874384 0.418970
v 0.440839 -0.874384 0.418969
v -0.427745 -0.874384 0.315285
v 0.429067 -0.874384 0.315285
v -0.379805 -0.874384 0.248973
v 0.381127 -0.874384 0.248972
v -0.148686 -0.874384 0.313599
v 0.150008 -0.874384 0.313599
v -0.196626 -0.874384 0.246020
v 0.197948 -0.874384 0.246020
v -0.274827 -0.874384 0.219853
v 0.276148 -0.874384 0.219853
v -0.398902 -0.874384 0.505883
v 0.400224 -0.874384 0.505882
v -0.428571 -0.874384 0.603097
v 0.429893 -0.874384 0.603097
v -0.381693 -0.874384 0.715723
v 0.383015 -0.874384 0.715722
v -0.157873 -0.874384 0.603097
v 0.159194 -0.874384 0.603097
v -0.194933 -0.874384 0.715722
v 0.196255 -0.874384 0.715722
v -0.274471 -0.874384 0.753264
v 0.275793 -0.874384 0.753264
v 0.000661 0.187911 0.684520
vt 0.454373 0.313000
vt 0.492874 0.313000
vt 0.492874 0.351501
vt 0.454373 0.351501
vt 0.492874 0.339001
vt 0.492874 0.300500
vt 0.454373 0.300500
vt 0.454373 0.339001
vt 0.473624 0.339001
vt 0.473624 0.313000
vt 0.473624 0.351501
vt 0.388392 0.059878
vt 0.470981 0.059878
vt 0.470981 0.142467
vt 0.388392 0.142467
vt 0.429687 0.142467
vt 0.429687 0.059878
vt 0.777006 0.801700
vt 0.768024 0.719609
vt 0.794355 0.726387
vt 0.794614 0.726387
vt 0.768282 0.719609
vt 0.777265 0.801700
vt 0.812656 0.751324
vt 0.812915 0.751324
vt 0.727589 0.765691
vt 0.742248 0.729495
vt 0.742507 0.729495
vt 0.727848 0.765691
vt 0.820423 0.789614
vt 0.820682 0.789614
vt 0.812662 0.854955
vt 0.800301 0.875061
vt 0.800559 0.875061
vt 0.812922 0.854955
vt 0.819257 0.825185
vt 0.819516 0.825185
vt 0.763097 0.865252
vt 0.743301 0.839868
vt 0.743560 0.839868
vt 0.763356 0.865252
vt 0.782964 0.877108
vt 0.783223 0.877108
vt 0.728958 0.805438
vt 0.729216 0.805438
vt 0.758523 0.604988
vt 0.698687 0.602820
vt 0.671844 0.511339
vt 0.752262 0.571849
vt 0.672102 0.511339
vt 0.698946 0.602820
vt 0.758783 0.604988
vt 0.752521 0.571849
vt 0.635452 0.592238
vt 0.628976 0.552385
vt 0.629235 0.552385
vt 0.635711 0.592238
vt 0.681879 0.728133
vt 0.641387 0.700941
vt 0.641645 0.700941
vt 0.682138 0.728133
vt 0.810488 0.620587
vt 0.810747 0.620587
vt 0.845288 0.664941
vt 0.845546 0.664941
vt 0.861514 0.775692
vt 0.861773 0.775692
vt 0.852968 0.906785
vt 0.833054 0.940227
vt 0.833313 0.940227
vt 0.853227 0.906785
vt 0.862048 0.846911
vt 0.862307 0.846911
vt 0.755814 0.923902
vt 0.718371 0.877522
vt 0.718630 0.877522
vt 0.756073 0.923902
vt 0.797259 0.944657
vt 0.797518 0.944657
vt 0.688338 0.810263
vt 0.688596 0.810263
vt 0.831745 0.598761
vt 0.832004 0.598761
vt 0.871776 0.657430
vt 0.872035 0.657430
vt 0.889438 0.768160
vt 0.889696 0.768160
vt 0.898537 0.948016
vt 0.883662 0.966018
vt 0.883921 0.966018
vt 0.898796 0.948016
vt 0.898155 0.863059
vt 0.898414 0.863059
vt 0.763621 0.965648
vt 0.713719 0.908179
vt 0.713978 0.908179
vt 0.763880 0.965648
vt 0.825089 0.979263
vt 0.825347 0.979263
vt 0.659704 0.818916
vt 0.659963 0.818916
vt 0.091805 0.090082
vt 0.091247 0.077268
vt 0.110104 0.076495
vt 0.107711 0.086927
vt 0.165077 0.074861
vt 0.177033 0.105361
vt 0.168868 0.097351
vt 0.159654 0.074853
vt 0.143864 0.107492
vt 0.165978 0.109708
vt 0.156727 0.075940
vt 0.125403 0.076338
vt 0.101198 0.096534
vt 0.122836 0.102636
vt 0.100342 0.077301
vt 0.137700 0.088503
vt 0.133683 0.075684
vt 0.103793 0.095950
vt 0.079455 0.108370
vt 0.148750 0.139590
vt 0.176571 0.139199
vt 0.188174 0.127455
vt 0.176240 0.110706
vt 0.138426 0.095259
vt 0.121995 0.133217
vt 0.088312 0.121257
vt 0.099127 0.106059
vt 0.072172 0.136893
vt 0.162616 0.199774
vt 0.196376 0.194296
vt 0.208221 0.166512
vt 0.188852 0.132357
vt 0.139138 0.104000
vt 0.120771 0.187332
vt 0.087063 0.166801
vt 0.090384 0.104646
vt 0.071840 0.146633
vt 0.173552 0.246303
vt 0.210649 0.238161
vt 0.225968 0.191032
vt 0.205211 0.142367
vt 0.138275 0.106479
vt 0.126095 0.235517
vt 0.093435 0.204082
vt 0.153220 0.212023
vt 0.153255 0.212724
vt 0.173510 0.217529
vt 0.172991 0.218078
vt 0.149277 0.220086
vt 0.167418 0.224639
vt 0.144740 0.228086
vt 0.160336 0.232865
vt 0.149637 0.217329
vt 0.166506 0.226068
vt 0.145431 0.226384
vt 0.159654 0.237051
vt 0.141744 0.233285
vt 0.154819 0.240637
vt 0.142227 0.233766
vt 0.154648 0.243785
vt 0.192983 0.226204
vt 0.191119 0.225416
vt 0.185626 0.233874
vt 0.176226 0.242633
vt 0.181742 0.232309
vt 0.172404 0.245345
vt 0.168575 0.251341
vt 0.167026 0.254830
vt 0.205792 0.239831
vt 0.203821 0.237107
vt 0.199936 0.245212
vt 0.211387 0.273640
vt 0.219610 0.263648
vt 0.217602 0.253543
vt 0.190207 0.251071
vt 0.197139 0.276948
vt 0.194696 0.240420
vt 0.204179 0.251300
vt 0.183574 0.248398
vt 0.187309 0.257843
vt 0.180182 0.255503
vt 0.182015 0.272565
vt 0.177003 0.254905
vt 0.177482 0.264923
vt 0.211990 0.312384
vt 0.224877 0.290660
vt 0.224895 0.265473
vt 0.196429 0.310178
vt 0.206597 0.251127
vt 0.185935 0.255983
vt 0.180276 0.291871
vt 0.175415 0.272019
vt 0.209452 0.327969
vt 0.235686 0.296587
vt 0.225051 0.257834
vt 0.191430 0.324076
vt 0.199803 0.244665
vt 0.180221 0.254102
vt 0.174140 0.302839
vt 0.170205 0.275419
vt 0.096566 0.239788
vt 0.096742 0.243117
vt 0.091860 0.245530
vt 0.092249 0.241619
vt 0.080314 0.242436
vt 0.079179 0.246012
vt 0.076751 0.245383
vt 0.088967 0.244946
vt 0.093941 0.242800
vt 0.118060 0.234693
vt 0.120418 0.237534
vt 0.116480 0.235688
vt 0.089004 0.237896
vt 0.084644 0.238814
vt 0.074203 0.239641
vt 0.072860 0.232940
vt 0.081439 0.231575
vt 0.084966 0.231977
vt 0.107202 0.229565
vt 0.096373 0.222017
vt 0.087691 0.228908
vt 0.092571 0.233839
vt 0.089067 0.234393
vt 0.084792 0.228276
vt 0.076464 0.230019
vt 0.078982 0.235725
vt 0.097285 0.220054
vt 0.108423 0.227209
vt 0.084840 0.228665
vt 0.081867 0.227739
vt 0.074017 0.229455
vt 0.093193 0.221146
vt 0.132233 0.229268
vt 0.134603 0.232862
vt 0.132191 0.227235
vt 0.122867 0.231097
vt 0.126369 0.233823
vt 0.123591 0.231212
vt 0.138756 0.216823
vt 0.143309 0.206768
vt 0.142171 0.207902
vt 0.137744 0.218219
vt 0.145851 0.206172
vt 0.058946 0.196763
vt 0.058038 0.198727
vt 0.049320 0.193219
vt 0.049987 0.191474
vt 0.048395 0.188264
vt 0.047334 0.188513
vt 0.048542 0.188135
vt 0.050221 0.191270
vt 0.058839 0.196567
vt 0.064357 0.197959
vt 0.063479 0.199589
vt 0.063816 0.197855
vt 0.063813 0.185006
vt 0.061378 0.190876
vt 0.052270 0.186150
vt 0.054620 0.180823
vt 0.051274 0.181341
vt 0.048943 0.184322
vt 0.067611 0.188355
vt 0.066026 0.193149
vt 0.064049 0.184728
vt 0.064756 0.182987
vt 0.055508 0.179000
vt 0.054872 0.180594
vt 0.051429 0.181201
vt 0.050722 0.180041
vt 0.067721 0.188132
vt 0.068253 0.186690
vt 0.061464 0.190560
vt 0.065739 0.192932
vt 0.049124 0.184161
vt 0.052594 0.185861
vt 0.068081 0.177112
vt 0.067206 0.178924
vt 0.058975 0.171230
vt 0.059768 0.169618
vt 0.058296 0.165997
vt 0.057086 0.166072
vt 0.058469 0.165838
vt 0.060034 0.169374
vt 0.068412 0.176807
vt 0.072768 0.179797
vt 0.072018 0.181386
vt 0.073077 0.179511
vt 0.074218 0.165908
vt 0.071103 0.171509
vt 0.062470 0.164639
vt 0.065246 0.159661
vt 0.061922 0.159367
vt 0.059237 0.161993
vt 0.078112 0.169859
vt 0.075396 0.174834
vt 0.074573 0.165570
vt 0.075404 0.163958
vt 0.066291 0.157933
vt 0.065530 0.159392
vt 0.062103 0.159197
vt 0.061590 0.157798
vt 0.078440 0.169547
vt 0.079155 0.168114
vt 0.071561 0.171080
vt 0.062836 0.164298
vt 0.059455 0.161791
vt 0.075820 0.174436
vt 0.079476 0.160009
vt 0.078175 0.161575
vt 0.071260 0.151781
vt 0.072457 0.150313
vt 0.071621 0.145789
vt 0.070261 0.145421
vt 0.071860 0.145555
vt 0.072841 0.149940
vt 0.079946 0.159554
vt 0.083492 0.163179
vt 0.082381 0.164447
vt 0.083929 0.162755
vt 0.088558 0.150254
vt 0.083963 0.155136
vt 0.076531 0.145730
vt 0.080695 0.141128
vt 0.077104 0.139650
vt 0.073548 0.141672
vt 0.091365 0.155112
vt 0.087377 0.159155
vt 0.088905 0.149909
vt 0.090224 0.148507
vt 0.082193 0.139495
vt 0.080978 0.140847
vt 0.077299 0.139456
vt 0.077083 0.137755
vt 0.091684 0.154797
vt 0.092817 0.153656
vt 0.084512 0.154598
vt 0.076978 0.145290
vt 0.073818 0.141407
vt 0.087884 0.158658
vt 0.085706 0.210710
vt 0.084748 0.212592
vt 0.074980 0.206574
vt 0.075851 0.204903
vt 0.075791 0.204676
vt 0.085858 0.210645
vt 0.092431 0.197770
vt 0.088656 0.205345
vt 0.078236 0.199829
vt 0.080637 0.194762
vt 0.092944 0.197279
vt 0.088702 0.195321
vt 0.081587 0.192988
vt 0.080915 0.194448
vt 0.078382 0.199469
vt 0.089021 0.205038
vt 0.083446 0.190365
vt 0.084157 0.188812
vt 0.084543 0.188454
vt 0.099942 0.184215
vt 0.096580 0.191062
vt 0.086757 0.183908
vt 0.089465 0.179000
vt 0.100548 0.183629
vt 0.096634 0.181202
vt 0.090541 0.177259
vt 0.089879 0.178605
vt 0.097245 0.190391
vt 0.087289 0.183407
vt 0.092138 0.175450
vt 0.093026 0.174060
vt 0.093493 0.173609
vt 0.107432 0.172596
vt 0.104425 0.177537
vt 0.096286 0.169605
vt 0.099661 0.165121
vt 0.107836 0.172199
vt 0.108594 0.170812
vt 0.100927 0.163505
vt 0.100020 0.164767
vt 0.105048 0.176927
vt 0.096838 0.169066
vt 0.070683 0.234811
vt 0.070628 0.232930
vt 0.070242 0.238092
vt 0.070171 0.239214
vt 0.072911 0.243008
vt 0.073041 0.243067
vt 0.075445 0.241022
vt 0.073496 0.236721
vt 0.073235 0.232840
vt 0.114545 0.192156
vt 0.118440 0.184575
vt 0.129455 0.191880
vt 0.126523 0.199495
vt 0.139172 0.198643
vt 0.137498 0.193199
vt 0.131267 0.186562
vt 0.121429 0.178795
vt 0.106638 0.207020
vt 0.110619 0.199711
vt 0.122199 0.208255
vt 0.117482 0.216428
vt 0.102561 0.213973
vt 0.113433 0.222485
vt 0.115632 0.190970
vt 0.119334 0.183671
vt 0.121938 0.178290
vt 0.139961 0.197861
vt 0.130450 0.190881
vt 0.127722 0.198143
vt 0.131818 0.186020
vt 0.137984 0.192723
vt 0.107290 0.206227
vt 0.111657 0.198395
vt 0.123382 0.206794
vt 0.118269 0.215617
vt 0.102420 0.214671
vt 0.113228 0.223414
vt 0.122612 0.176692
vt 0.140026 0.193679
vt 0.132070 0.184603
vt 0.047898 0.183668
vt 0.058239 0.161053
vt 0.072654 0.140234
vt 0.142748 0.200623
vt 0.056741 0.724969
vt 0.079227 0.645414
vt 0.098568 0.648278
vt 0.077058 0.720807
vt 0.087966 0.805669
vt 0.071639 0.807813
vt 0.149072 0.652114
vt 0.131623 0.722415
vt 0.129961 0.803125
vt 0.207977 0.652832
vt 0.207941 0.721999
vt 0.207301 0.795125
vt 0.142629 0.865894
vt 0.112967 0.862986
vt 0.154083 0.854569
vt 0.253787 0.731773
vt 0.259175 0.794523
vt 0.252009 0.662796
vt 0.282930 0.679385
vt 0.290001 0.744143
vt 0.296213 0.799414
vt 0.315468 0.754302
vt 0.325031 0.797433
vt 0.297863 0.832407
vt 0.258059 0.840543
vt 0.323591 0.823718
vt 0.296114 0.852664
vt 0.257363 0.868525
vt 0.318954 0.840061
vt 0.292191 0.865320
vt 0.253880 0.885461
vt 0.319585 0.845165
vt 0.205452 0.847206
vt 0.204934 0.877215
vt 0.197523 0.894002
vt 0.205369 0.584644
vt 0.206130 0.607608
vt 0.159843 0.610876
vt 0.160008 0.587602
vt 0.336626 0.824961
vt 0.328017 0.842827
vt 0.338453 0.799676
vt 0.470173 0.773901
vt 0.508519 0.730253
vt 0.510955 0.761065
vt 0.470490 0.792426
vt 0.424566 0.794404
vt 0.422484 0.805887
vt 0.373879 0.794507
vt 0.371724 0.809973
vt 0.532572 0.708771
vt 0.537224 0.748637
vt 0.538503 0.699147
vt 0.545662 0.747104
vt 0.537442 0.792057
vt 0.522517 0.794229
vt 0.504679 0.832289
vt 0.491020 0.829293
vt 0.501950 0.784040
vt 0.464600 0.821668
vt 0.411621 0.833175
vt 0.366677 0.837080
vt 0.368162 0.880943
vt 0.406117 0.877069
vt 0.408420 0.907457
vt 0.376312 0.915776
vt 0.448160 0.884688
vt 0.442682 0.910278
vt 0.466324 0.892061
vt 0.459382 0.913539
vt 0.476424 0.893950
vt 0.466015 0.914485
vt 0.428052 0.943111
vt 0.411415 0.937552
vt 0.443395 0.941577
vt 0.449570 0.939364
vt 0.384752 0.942132
vt 0.394582 0.959209
vt 0.396417 0.963120
vt 0.411367 0.964484
vt 0.412245 0.956974
vt 0.391759 0.959100
vt 0.411367 0.964152
vt 0.422453 0.961355
vt 0.430548 0.959169
vt 0.430491 0.951154
vt 0.351081 0.928809
vt 0.338670 0.900790
vt 0.367198 0.953894
vt 0.483278 0.848645
vt 0.471397 0.847978
vt 0.453034 0.847283
vt 0.403649 0.846460
vt 0.367634 0.848848
vt 0.327843 0.850773
vt 0.332250 0.868096
vt 0.378252 0.772031
vt 0.423875 0.772659
vt 0.383273 0.733316
vt 0.432400 0.727987
vt 0.386540 0.667221
vt 0.437853 0.672265
vt 0.385236 0.604980
vt 0.435677 0.610889
vt 0.460003 0.757486
vt 0.474044 0.723639
vt 0.471544 0.629741
vt 0.480342 0.675775
vt 0.437011 0.588137
vt 0.457513 0.592970
vt 0.497946 0.636592
vt 0.508282 0.675925
vt 0.521718 0.665264
vt 0.511064 0.633572
vt 0.304488 0.710408
vt 0.247657 0.612789
vt 0.275933 0.632431
vt 0.245485 0.595067
vt 0.277288 0.618161
vt 0.338833 0.778082
vt 0.337681 0.758216
vt 0.339084 0.724544
vt 0.342829 0.660028
vt 0.345573 0.616133
vt 0.339542 0.601824
vt 0.389105 0.577346
vt 0.310901 0.708165
vt 0.316756 0.658385
vt 0.314079 0.644569
vt 0.309211 0.629325
vt 0.315166 0.586355
vt 0.305293 0.604431
vt 0.290120 0.595431
vt 0.287888 0.577391
vt 0.277290 0.593563
vt 0.274032 0.579287
vt 0.258863 0.591252
vt 0.251480 0.574948
vt 0.467613 0.592514
vt 0.120800 0.613268
vt 0.110641 0.607830
vt 0.273580 0.566851
vt 0.292186 0.563352
vt 0.250098 0.558518
vt 0.270674 0.551857
vt 0.306470 0.558681
vt 0.301775 0.642474
vt 0.298519 0.656708
vt 0.287567 0.611496
vt 0.296914 0.614754
vt 0.369919 0.568709
vt 0.306224 0.563724
vt 0.354282 0.568616
vt 0.349713 0.565167
vt 0.512631 0.513555
vt 0.473330 0.543160
vt 0.459646 0.512171
vt 0.499897 0.464020
vt 0.391526 0.378715
vt 0.377197 0.452981
vt 0.354334 0.462714
vt 0.365831 0.375229
vt 0.888066 0.496372
vt 0.882306 0.511909
vt 0.852174 0.503381
vt 0.868439 0.480217
vt 0.880876 0.518066
vt 0.845673 0.506611
vt 0.897704 0.481172
vt 0.883426 0.453586
vt 0.907862 0.472355
vt 0.898335 0.428298
vt 0.898126 0.423143
vt 0.912044 0.469913
vt 0.820177 0.489534
vt 0.841842 0.456034
vt 0.811990 0.493640
vt 0.859722 0.416185
vt 0.872301 0.379189
vt 0.871966 0.371198
vt 0.777916 0.478737
vt 0.803161 0.437496
vt 0.770890 0.484266
vt 0.823215 0.385407
vt 0.837740 0.335832
vt 0.837782 0.325082
vt 0.748813 0.456478
vt 0.767665 0.420407
vt 0.779679 0.359572
vt 0.783627 0.296577
vt 0.782595 0.281776
vt 0.707806 0.464913
vt 0.729403 0.415784
vt 0.751513 0.347762
vt 0.721554 0.277524
vt 0.715394 0.253788
vt 0.675860 0.427535
vt 0.665476 0.468431
vt 0.619248 0.220525
vt 0.624945 0.225727
vt 0.555825 0.223081
vt 0.607365 0.411967
vt 0.610909 0.475444
vt 0.489803 0.247278
vt 0.529060 0.283681
vt 0.496890 0.262973
vt 0.553881 0.413852
vt 0.558366 0.478572
vt 0.524618 0.350938
vt 0.560228 0.366598
vt 0.484655 0.286976
vt 0.506215 0.286627
vt 0.465956 0.268475
vt 0.458808 0.266957
vt 0.458280 0.567095
vt 0.441781 0.555111
vt 0.554502 0.522552
vt 0.512923 0.532326
vt 0.429579 0.332611
vt 0.483579 0.404560
vt 0.411334 0.308722
vt 0.405204 0.305031
vt 0.354556 0.374643
vt 0.479784 0.557002
vt 0.342492 0.469855
vt 0.465140 0.570483
vt 0.375550 0.529925
vt 0.405465 0.473614
vt 0.399627 0.536430
vt 0.357819 0.533477
vt 0.350698 0.535266
vt 0.431993 0.506198
vt 0.420545 0.549313
vt 0.416318 0.580449
vt 0.921844 0.511745
vt 0.915307 0.505041
vt 0.903057 0.497932
vt 0.905378 0.519547
vt 0.914603 0.528568
vt 0.898155 0.505302
vt 0.444840 0.384355
vt 0.414794 0.398834
vt 0.399427 0.431541
vt 0.618235 0.481906
vt 0.579758 0.501770
vt 0.736023 0.479423
vt 0.563776 0.525264
vt 0.411121 0.100300
vt 0.362553 0.100300
vt 0.362553 0.051731
vt 0.411121 0.051731
vt 0.411121 0.148869
vt 0.362553 0.148869
vt 0.459690 0.100300
vt 0.459690 0.148869
vt 0.459690 0.051731
vt 0.427311 0.084110
vt 0.394932 0.116489
vt 0.367656 0.064284
vt 0.418572 0.115201
vt 0.435544 0.098229
vt 0.418572 0.064284
vt 0.469489 0.064284
vt 0.469489 0.115201
vt 0.469489 0.166117
vt 0.367656 0.115201
vt 0.418572 0.166117
vt 0.367656 0.166117
vt 0.368803 0.073606
vt 0.417372 0.073606
vt 0.417372 0.122175
vt 0.368803 0.122175
vt 0.417372 0.170743
vt 0.368803 0.170743
vt 0.465940 0.170743
vt 0.465940 0.122175
vt 0.465940 0.073606
vt 0.437496 0.160935
vt 0.365628 0.160935
vt 0.365628 0.089066
vt 0.437496 0.089066
vt 0.424560 0.160935
vt 0.433184 0.160935
vt 0.401562 0.160935
vt 0.401562 0.089066
vt 0.874594 0.113267
vt 0.826187 0.113267
vt 0.826187 0.064860
vt 0.874594 0.064860
usemtl yoshi_green
s 1
f 13/1 24/2 26/3 15/4
f 27/5 25/6 14/7 16/8
f 17/1 15/2 26/3 28/4
f 27/5 16/6 18/7 29/8
f 19/7 17/6 28/5 30/8
f 29/5 18/6 20/7 31/8
f 21/1 19/2 30/3 42/4
f 31/5 20/6 22/7 32/8
f 13/1 41/2 43/3 24/4
f 33/5 23/6 14/7 25/8
f 24/1 36/2 34/3 26/4
f 35/3 45/2 25/1 27/4
f 28/1 26/2 34/3 46/4
f 35/3 27/2 29/1 37/4
f 30/1 28/2 46/3 47/4
f 37/3 29/2 31/1 38/4
f 42/1 30/2 47/3 39/4
f 38/3 31/2 32/1 40/4
f 24/1 43/2 44/3 36/4
f 48/3 33/2 25/1 45/4
f 13/1 15/2 9/3 5/4
f 8/5 16/6 14/7 10/8
f 15/7 17/6 12/5 9/8
f 1/5 18/6 16/7 8/8
f 17/1 19/2 11/3 12/4
f 18/7 1/8 2/5 20/6
f 19/7 21/6 6/5 11/8
f 3/5 22/6 20/7 2/8
f 5/5 7/8 41/7 13/6
f 10/5 14/6 23/7 4/8
f 32/5 22/6 21/6 42/9
f 43/9 41/7 23/7 33/8
f 40/3 32/2 42/10 39/11
f 44/11 43/10 33/1 48/4
f 6/9 21/6 22/7 3/8
f 41/7 7/9 4/5 23/6
f 36/12 51/13 49/14 34/15
f 50/14 52/13 45/12 35/15
f 46/12 34/13 49/14 53/15
f 50/14 35/13 37/12 54/15
f 47/12 46/13 53/14 55/15
f 54/14 37/13 38/12 56/15
f 39/12 47/13 55/14 72/15
f 56/14 38/13 40/12 57/15
f 36/12 44/13 58/14 51/15
f 59/14 48/13 45/12 52/15
f 51/12 60/13 62/14 49/15
f 63/14 61/13 52/12 50/15
f 53/12 49/13 62/14 64/15
f 63/14 50/13 54/12 65/15
f 55/12 53/13 64/14 66/15
f 65/14 54/13 56/12 67/15
f 72/12 55/13 66/14 68/15
f 67/14 56/13 57/12 69/15
f 51/12 58/13 70/14 60/15
f 71/14 59/13 52/12 61/15
f 58/16 44/17 48/12 59/15
f 70/15 58/13 59/12 71/15
f 72/14 57/15 40/12 39/13
f 68/13 69/13 57/12 72/15
f 71/13 73/14 70/12
f 68/12 73/14 69/13
f 67/14 73/15 63/12 65/13
f 69/13 73/14 67/12
f 73/14 71/15 61/12 63/13
f 73/14 62/15 60/12 70/13
f 62/12 73/15 66/14 64/13
f 66/12 73/14 68/13
f 74/18 80/19 76/20
f 77/21 81/22 75/23
f 74/18 76/20 82/24
f 83/25 77/21 75/23
f 74/18 100/26 78/27
f 79/28 101/29 75/23
f 74/18 78/27 80/19
f 81/22 79/28 75/23
f 74/18 82/24 88/30
f 89/31 83/25 75/23
f 74/18 84/32 90/33
f 91/34 85/35 75/23
f 74/18 86/36 84/32
f 85/35 87/37 75/23
f 74/18 88/30 86/36
f 87/37 89/31 75/23
f 74/18 92/38 96/39
f 97/40 93/41 75/23
f 74/18 90/33 94/42
f 95/43 91/34 75/23
f 74/18 94/42 92/38
f 93/41 95/43 75/23
f 74/18 96/39 98/44
f 99/45 97/40 75/23
f 74/18 98/44 100/26
f 101/29 99/45 75/23
f 108/46 104/47 852/48 853/49
f 851/50 105/51 109/52 134/53
f 949/54 892/55 852/48 104/47
f 851/50 891/56 948/57 105/51
f 104/47 126/58 894/59 949/54
f 893/60 127/61 105/51 948/57
f 80/19 108/46 102/62 76/20
f 103/63 109/52 81/22 77/21
f 76/20 102/62 106/64 82/24
f 107/65 103/63 77/21 83/25
f 100/26 126/58 104/47 78/27
f 105/51 127/61 101/29 79/28
f 78/27 104/47 108/46 80/19
f 109/52 105/51 79/28 81/22
f 82/24 106/64 114/66 88/30
f 115/67 107/65 83/25 89/31
f 84/32 110/68 116/69 90/33
f 117/70 111/71 85/35 91/34
f 86/36 112/72 110/68 84/32
f 111/71 113/73 87/37 85/35
f 88/30 114/66 112/72 86/36
f 113/73 115/67 89/31 87/37
f 92/38 118/74 122/75 96/39
f 123/76 119/77 93/41 97/40
f 90/33 116/69 120/78 94/42
f 121/79 117/70 91/34 95/43
f 94/42 120/78 118/74 92/38
f 119/77 121/79 95/43 93/41
f 96/39 122/75 124/80 98/44
f 125/81 123/76 97/40 99/45
f 98/44 124/80 126/58 100/26
f 127/61 125/81 99/45 101/29
f 102/62 108/46 853/49 128/82
f 134/53 109/52 103/63 129/83
f 106/64 102/62 128/82 955/84
f 129/83 103/63 107/65 943/85
f 106/64 955/84 132/86 114/66
f 130/87 943/85 107/65 115/67
f 110/68 131/88 923/89 116/69
f 922/90 942/91 111/71 117/70
f 112/72 941/92 131/88 110/68
f 942/91 944/93 113/73 111/71
f 114/66 132/86 941/92 112/72
f 944/93 130/87 115/67 113/73
f 118/74 930/94 919/95 122/75
f 918/96 929/97 119/77 123/76
f 116/69 923/89 928/98 120/78
f 133/99 922/90 117/70 121/79
f 120/78 928/98 930/94 118/74
f 929/97 133/99 121/79 119/77
f 122/75 919/95 896/100 124/80
f 895/101 918/96 123/76 125/81
f 124/80 896/100 894/59 126/58
f 893/60 895/101 125/81 127/61
f 146/102 1333/103 1338/104 166/105
f 188/104 1334/103 147/102 167/105
f 186/106 135/107 164/108 1335/109
f 187/106 1336/109 165/108 136/107
f 161/110 159/111 156/112 1330/113
f 157/112 160/111 162/110 158/113
f 159/111 135/107 186/106 156/112
f 160/111 157/112 187/106 136/107
f 144/114 189/115 1330/113 1331/116
f 158/113 190/115 145/114 1332/116
f 146/102 144/114 1331/116 1333/103
f 1332/116 145/114 147/102 1334/103
f 164/108 168/117 163/118 1335/109
f 1337/118 169/117 165/108 1336/109
f 168/117 166/105 1338/104 163/118
f 188/104 167/105 169/117 1337/118
f 174/119 191/120 146/102 166/105
f 147/102 192/120 175/119 167/105
f 148/121 172/122 159/111 161/110
f 160/111 173/122 149/121 162/110
f 135/107 159/111 172/122 170/123
f 136/107 171/123 173/122 160/111
f 164/108 135/107 170/123 193/124
f 165/108 194/124 171/123 136/107
f 193/124 176/125 168/117 164/108
f 169/117 177/125 194/124 165/108
f 195/126 148/121 161/110 189/115
f 162/110 149/121 196/126 190/115
f 176/125 174/119 166/105 168/117
f 167/105 175/119 177/125 169/117
f 197/127 195/126 189/115 144/114
f 190/115 196/126 198/127 145/114
f 191/120 197/127 144/114 146/102
f 145/114 198/127 192/120 147/102
f 152/128 199/129 191/120 174/119
f 192/120 200/129 153/128 175/119
f 180/130 201/131 172/122 148/121
f 173/122 202/131 181/130 149/121
f 170/123 172/122 201/131 178/132
f 202/131 173/122 171/123 179/132
f 178/132 150/133 193/124 170/123
f 194/124 151/133 179/132 171/123
f 150/133 182/134 176/125 193/124
f 177/125 183/134 151/133 194/124
f 154/135 180/130 148/121 195/126
f 149/121 181/130 155/135 196/126
f 182/134 152/128 174/119 176/125
f 175/119 153/128 183/134 177/125
f 184/136 154/135 195/126 197/127
f 196/126 155/135 185/136 198/127
f 199/129 184/136 197/127 191/120
f 198/127 185/136 200/129 192/120
f 1125/137 1124/138 199/129 152/128
f 200/129 1123/138 139/137 153/128
f 1178/139 142/140 201/131 180/130
f 202/131 143/140 1177/139 181/130
f 178/132 201/131 142/140 1203/141
f 143/140 202/131 179/132 1202/141
f 1203/141 1206/142 150/133 178/132
f 151/133 1205/142 1202/141 179/132
f 1206/142 138/143 182/134 150/133
f 183/134 1204/143 1205/142 151/133
f 140/144 1178/139 180/130 154/135
f 181/130 1177/139 141/144 155/135
f 138/143 1125/137 152/128 182/134
f 153/128 139/137 1204/143 183/134
f 137/145 140/144 154/135 184/136
f 155/135 141/144 1207/145 185/136
f 184/136 199/129 1124/138 137/145
f 1123/138 200/129 185/136 1207/145
f 158/113 162/110 190/115
f 1330/113 189/115 161/110
f 233/146 229/147 293/148 295/149
f 294/148 230/147 234/146 296/149
f 231/150 249/151 293/148 229/147
f 294/148 250/151 232/150 230/147
f 241/152 239/153 249/151 231/150
f 250/151 240/153 242/152 232/150
f 235/154 233/146 295/149 237/155
f 296/149 234/146 236/154 238/155
f 219/156 235/154 237/155 257/157
f 238/155 236/154 220/156 258/157
f 245/158 243/159 239/153 241/152
f 240/153 244/159 246/158 242/152
f 247/160 221/161 243/159 245/158
f 244/159 222/161 248/160 246/158
f 247/160 219/156 257/157 221/161
f 258/157 220/156 248/160 222/161
f 295/149 293/148 297/162 251/163
f 298/162 294/148 296/149 252/163
f 249/151 299/164 297/162 293/148
f 298/162 300/164 250/151 294/148
f 239/153 253/165 299/164 249/151
f 300/164 254/165 240/153 250/151
f 237/155 295/149 251/163 223/166
f 252/163 296/149 238/155 224/166
f 257/157 237/155 223/166 225/167
f 224/166 238/155 258/157 226/167
f 243/159 255/168 253/165 239/153
f 254/165 256/168 244/159 240/153
f 221/161 301/169 255/168 243/159
f 256/168 302/169 222/161 244/159
f 221/161 257/157 225/167 301/169
f 226/167 258/157 222/161 302/169
f 251/163 297/162 303/170 305/171
f 304/170 298/162 252/163 306/171
f 299/164 259/172 303/170 297/162
f 304/170 260/172 300/164 298/162
f 267/173 311/174 303/170 259/172
f 304/170 312/174 268/173 260/172
f 227/175 305/171 303/170 311/174
f 304/170 306/171 228/175 312/174
f 253/165 261/176 259/172 299/164
f 260/172 262/176 254/165 300/164
f 271/177 267/173 259/172 261/176
f 260/172 268/173 272/177 262/176
f 223/166 251/163 305/171 307/178
f 306/171 252/163 224/166 308/178
f 269/179 307/178 305/171 227/175
f 306/171 308/178 270/179 228/175
f 225/167 223/166 307/178 309/180
f 308/178 224/166 226/167 310/180
f 275/181 309/180 307/178 269/179
f 308/178 310/180 276/181 270/179
f 255/168 263/182 261/176 253/165
f 262/176 264/182 256/168 254/165
f 273/183 271/177 261/176 263/182
f 262/176 272/177 274/183 264/182
f 301/169 265/184 263/182 255/168
f 264/182 266/184 302/169 256/168
f 277/185 273/183 263/182 265/184
f 264/182 274/183 278/185 266/184
f 301/169 225/167 309/180 265/184
f 310/180 226/167 302/169 266/184
f 277/185 265/184 309/180 275/181
f 310/180 266/184 278/185 276/181
f 281/186 279/187 311/174 267/173
f 312/174 280/187 282/186 268/173
f 283/188 227/175 311/174 279/187
f 312/174 228/175 284/188 280/187
f 313/189 281/186 267/173 271/177
f 268/173 282/186 314/189 272/177
f 285/190 269/179 227/175 283/188
f 228/175 270/179 286/190 284/188
f 289/191 275/181 269/179 285/190
f 270/179 276/181 290/191 286/190
f 287/192 313/189 271/177 273/183
f 272/177 314/189 288/192 274/183
f 291/193 287/192 273/183 277/185
f 274/183 288/192 292/193 278/185
f 291/193 277/185 275/181 289/191
f 276/181 278/185 292/193 290/191
f 215/194 217/195 279/187 281/186
f 280/187 218/195 216/194 282/186
f 279/187 217/195 213/196 283/188
f 214/196 218/195 280/187 284/188
f 207/197 215/194 281/186 313/189
f 282/186 216/194 208/197 314/189
f 283/188 213/196 205/198 285/190
f 206/198 214/196 284/188 286/190
f 209/199 289/191 285/190 205/198
f 286/190 290/191 210/199 206/198
f 211/200 207/197 313/189 287/192
f 314/189 208/197 212/200 288/192
f 203/201 211/200 287/192 291/193
f 288/192 212/200 204/201 292/193
f 203/201 291/193 289/191 209/199
f 290/191 292/193 204/201 210/199
f 315/202 425/203 651/204 433/205
f 652/204 426/203 316/202 434/205
f 361/206 433/205 651/204 555/207
f 652/204 434/205 362/206 556/207
f 553/208 555/207 651/204 429/209
f 652/204 556/207 554/208 430/209
f 431/210 429/209 651/204 425/203
f 652/204 430/209 432/210 426/203
f 417/211 649/212 425/203 315/202
f 426/203 650/212 418/211 316/202
f 423/213 431/210 425/203 649/212
f 426/203 432/210 424/213 650/212
f 431/210 655/214 653/215 429/209
f 654/215 656/214 432/210 430/209
f 553/208 429/209 653/215 729/216
f 654/215 430/209 554/208 730/216
f 549/217 729/216 653/215 435/218
f 654/215 730/216 550/217 436/218
f 317/219 435/218 653/215 655/214
f 654/215 436/218 318/219 656/214
f 423/213 597/220 655/214 431/210
f 656/214 598/220 424/213 432/210
f 377/221 317/219 655/214 597/220
f 656/214 318/219 378/221 598/220
f 439/222 659/223 657/224 437/225
f 658/224 660/223 440/222 438/225
f 543/226 437/225 657/224 727/227
f 658/224 438/225 544/226 728/227
f 361/206 727/227 657/224 433/205
f 658/224 728/227 362/206 434/205
f 315/202 433/205 657/224 659/223
f 658/224 434/205 316/202 660/223
f 373/228 591/229 659/223 439/222
f 660/223 592/229 374/228 440/222
f 417/211 315/202 659/223 591/229
f 660/223 316/202 418/211 592/229
f 317/219 427/230 661/231 435/218
f 662/231 428/230 318/219 436/218
f 549/217 435/218 661/231 557/232
f 662/231 436/218 550/217 558/232
f 543/226 557/232 661/231 437/225
f 662/231 558/232 544/226 438/225
f 439/222 437/225 661/231 427/230
f 662/231 438/225 440/222 428/230
f 377/221 573/233 427/230 317/219
f 428/230 574/233 378/221 318/219
f 373/228 439/222 427/230 573/233
f 428/230 440/222 374/228 574/233
f 405/234 247/160 245/158 441/235
f 246/158 248/160 406/234 442/235
f 411/236 441/235 245/158 241/152
f 246/158 442/235 412/236 242/152
f 411/236 643/237 663/238 441/235
f 664/238 644/237 412/236 442/235
f 405/234 441/235 663/238 635/239
f 664/238 442/235 406/234 636/239
f 417/211 635/239 663/238 649/212
f 664/238 636/239 418/211 650/212
f 423/213 649/212 663/238 643/237
f 664/238 650/212 424/213 644/237
f 411/236 241/152 231/150 641/240
f 232/150 242/152 412/236 642/240
f 409/241 641/240 231/150 229/147
f 232/150 642/240 410/241 230/147
f 403/242 235/154 219/156 633/243
f 220/156 236/154 404/242 634/243
f 405/234 633/243 219/156 247/160
f 220/156 634/243 406/234 248/160
f 409/241 229/147 233/146 629/244
f 234/146 230/147 410/241 630/244
f 403/242 629/244 233/146 235/154
f 234/146 630/244 404/242 236/154
f 319/245 667/246 665/247 455/248
f 666/247 668/246 320/245 456/248
f 379/249 455/248 665/247 601/250
f 666/247 456/248 380/249 602/250
f 385/251 601/250 665/247 459/252
f 666/247 602/250 386/251 460/252
f 461/253 459/252 665/247 667/246
f 666/247 460/252 462/253 668/246
f 329/254 493/255 667/246 319/245
f 668/246 494/255 330/254 320/245
f 333/256 461/253 667/246 493/255
f 668/246 462/253 334/256 494/255
f 321/257 443/258 669/259 457/260
f 670/259 444/258 322/257 458/260
f 381/261 457/260 669/259 603/262
f 670/259 458/260 382/261 604/262
f 379/249 603/262 669/259 455/248
f 670/259 604/262 380/249 456/248
f 319/245 455/248 669/259 443/258
f 670/259 456/248 320/245 444/258
f 331/263 495/264 443/258 321/257
f 444/258 496/264 332/263 322/257
f 329/254 319/245 443/258 495/264
f 444/258 320/245 330/254 496/264
f 465/265 445/266 671/267 463/268
f 672/267 446/266 466/265 464/268
f 383/269 463/268 671/267 605/270
f 672/267 464/268 384/269 606/270
f 381/261 605/270 671/267 457/260
f 672/267 606/270 382/261 458/260
f 321/257 457/260 671/267 445/266
f 672/267 458/260 322/257 446/266
f 335/271 497/272 445/266 465/265
f 446/266 498/272 336/271 466/265
f 331/263 321/257 445/266 497/272
f 446/266 322/257 332/263 498/272
f 335/271 465/265 447/273 499/274
f 448/273 466/265 336/271 500/274
f 333/256 499/274 447/273 461/253
f 448/273 500/274 334/256 462/253
f 383/269 607/275 673/276 463/268
f 674/276 608/275 384/269 464/268
f 465/265 463/268 673/276 447/273
f 674/276 464/268 466/265 448/273
f 461/253 447/273 673/276 459/252
f 674/276 448/273 462/253 460/252
f 385/251 459/252 673/276 607/275
f 674/276 460/252 386/251 608/275
f 323/277 677/278 675/279 467/280
f 676/279 678/278 324/277 468/280
f 387/281 467/280 675/279 609/282
f 676/279 468/280 388/281 610/282
f 393/283 609/282 675/279 471/284
f 676/279 610/282 394/283 472/284
f 473/285 471/284 675/279 677/278
f 676/279 472/284 474/285 678/278
f 337/286 501/287 677/278 323/277
f 678/278 502/287 338/286 324/277
f 341/288 473/285 677/278 501/287
f 678/278 474/285 342/288 502/287
f 325/289 449/290 679/291 469/292
f 680/291 450/290 326/289 470/292
f 389/293 469/292 679/291 611/294
f 680/291 470/292 390/293 612/294
f 387/281 611/294 679/291 467/280
f 680/291 612/294 388/281 468/280
f 323/277 467/280 679/291 449/290
f 680/291 468/280 324/277 450/290
f 339/295 503/296 449/290 325/289
f 450/290 504/296 340/295 326/289
f 337/286 323/277 449/290 503/296
f 450/290 324/277 338/286 504/296
f 477/297 683/298 681/299 475/300
f 682/299 684/298 478/297 476/300
f 391/301 475/300 681/299 613/302
f 682/299 476/300 392/301 614/302
f 389/293 613/302 681/299 469/292
f 682/299 614/302 390/293 470/292
f 325/289 469/292 681/299 683/298
f 682/299 470/292 326/289 684/298
f 343/303 505/304 683/298 477/297
f 684/298 506/304 344/303 478/297
f 339/295 325/289 683/298 505/304
f 684/298 326/289 340/295 506/304
f 473/285 451/305 685/306 471/284
f 686/306 452/305 474/285 472/284
f 393/283 471/284 685/306 615/307
f 686/306 472/284 394/283 616/307
f 391/301 615/307 685/306 475/300
f 686/306 616/307 392/301 476/300
f 477/297 475/300 685/306 451/305
f 686/306 476/300 478/297 452/305
f 341/288 507/308 451/305 473/285
f 452/305 508/308 342/288 474/285
f 343/303 477/297 451/305 507/308
f 452/305 478/297 344/303 508/308
f 481/309 689/310 687/311 479/312
f 688/311 690/310 482/309 480/312
f 395/313 479/312 687/311 617/314
f 688/311 480/312 396/313 618/314
f 401/315 617/314 687/311 485/316
f 688/311 618/314 402/315 486/316
f 487/317 485/316 687/311 689/310
f 688/311 486/316 488/317 690/310
f 345/318 509/319 689/310 481/309
f 690/310 510/319 346/318 482/309
f 349/320 487/317 689/310 509/319
f 690/310 488/317 350/320 510/319
f 327/321 693/322 691/323 483/324
f 692/323 694/322 328/321 484/324
f 397/325 483/324 691/323 619/326
f 692/323 484/324 398/325 620/326
f 395/313 619/326 691/323 479/312
f 692/323 620/326 396/313 480/312
f 481/309 479/312 691/323 693/322
f 692/323 480/312 482/309 694/322
f 347/327 511/328 693/322 327/321
f 694/322 512/328 348/327 328/321
f 345/318 481/309 693/322 511/328
f 694/322 482/309 346/318 512/328
f 491/329 453/330 695/331 489/332
f 696/331 454/330 492/329 490/332
f 399/333 489/332 695/331 621/334
f 696/331 490/332 400/333 622/334
f 397/325 621/334 695/331 483/324
f 696/331 622/334 398/325 484/324
f 327/321 483/324 695/331 453/330
f 696/331 484/324 328/321 454/330
f 351/335 513/336 453/330 491/329
f 454/330 514/336 352/335 492/329
f 347/327 327/321 453/330 513/336
f 454/330 328/321 348/327 514/336
f 487/317 699/337 697/338 485/316
f 698/338 700/337 488/317 486/316
f 401/315 485/316 697/338 623/339
f 698/338 486/316 402/315 624/339
f 399/333 623/339 697/338 489/332
f 698/338 624/339 400/333 490/332
f 491/329 489/332 697/338 699/337
f 698/338 490/332 492/329 700/337
f 349/320 515/340 699/337 487/317
f 700/337 516/340 350/320 488/317
f 351/335 491/329 699/337 515/340
f 700/337 492/329 352/335 516/340
f 593/341 647/342 701/343 517/344
f 702/343 648/342 594/341 518/344
f 329/254 517/344 701/343 493/255
f 702/343 518/344 330/254 494/255
f 333/256 493/255 701/343 521/345
f 702/343 494/255 334/256 522/345
f 599/346 521/345 701/343 647/342
f 702/343 522/345 600/346 648/342
f 579/347 741/348 703/349 519/350
f 704/349 742/348 580/347 520/350
f 331/263 519/350 703/349 495/264
f 704/349 520/350 332/263 496/264
f 329/254 495/264 703/349 517/344
f 704/349 496/264 330/254 518/344
f 593/341 517/344 703/349 741/348
f 704/349 518/344 594/341 742/348
f 585/351 627/352 705/353 523/354
f 706/353 628/352 586/351 524/354
f 335/271 523/354 705/353 497/272
f 706/353 524/354 336/271 498/272
f 331/263 497/272 705/353 519/350
f 706/353 498/272 332/263 520/350
f 579/347 519/350 705/353 627/352
f 706/353 520/350 580/347 628/352
f 335/271 499/274 707/355 523/354
f 708/355 500/274 336/271 524/354
f 585/351 523/354 707/355 749/356
f 708/355 524/354 586/351 750/356
f 599/346 749/356 707/355 521/345
f 708/355 750/356 600/346 522/345
f 333/256 521/345 707/355 499/274
f 708/355 522/345 334/256 500/274
f 579/347 627/352 709/357 525/358
f 710/357 628/352 580/347 526/358
f 337/286 525/358 709/357 501/287
f 710/357 526/358 338/286 502/287
f 341/288 501/287 709/357 529/359
f 710/357 502/287 342/288 530/359
f 585/351 529/359 709/357 627/352
f 710/357 530/359 586/351 628/352
f 575/360 737/361 711/362 527/363
f 712/362 738/361 576/360 528/363
f 339/295 527/363 711/362 503/296
f 712/362 528/363 340/295 504/296
f 337/286 503/296 711/362 525/358
f 712/362 504/296 338/286 526/358
f 579/347 525/358 711/362 737/361
f 712/362 526/358 580/347 738/361
f 407/364 625/365 713/366 531/367
f 714/366 626/365 408/364 532/367
f 343/303 531/367 713/366 505/304
f 714/366 532/367 344/303 506/304
f 339/295 505/304 713/366 527/363
f 714/366 506/304 340/295 528/363
f 575/360 527/363 713/366 625/365
f 714/366 528/363 576/360 626/365
f 585/351 745/368 715/369 529/359
f 716/369 746/368 586/351 530/359
f 341/288 529/359 715/369 507/308
f 716/369 530/359 342/288 508/308
f 343/303 507/308 715/369 531/367
f 716/369 508/308 344/303 532/367
f 407/364 531/367 715/369 745/368
f 716/369 532/367 408/364 746/368
f 575/360 625/365 717/370 533/371
f 718/370 626/365 576/360 534/371
f 345/318 533/371 717/370 509/319
f 718/370 534/371 346/318 510/319
f 349/320 509/319 717/370 537/372
f 718/370 510/319 350/320 538/372
f 407/364 537/372 717/370 625/365
f 718/370 538/372 408/364 626/365
f 413/373 733/374 719/375 535/376
f 720/375 734/374 414/373 536/376
f 347/327 535/376 719/375 511/328
f 720/375 536/376 348/327 512/328
f 345/318 511/328 719/375 533/371
f 720/375 512/328 346/318 534/371
f 575/360 533/371 719/375 733/374
f 720/375 534/371 576/360 734/374
f 419/377 753/378 721/379 539/380
f 722/379 754/378 420/377 540/380
f 351/335 539/380 721/379 513/336
f 722/379 540/380 352/335 514/336
f 347/327 513/336 721/379 535/376
f 722/379 514/336 348/327 536/376
f 413/373 535/376 721/379 753/378
f 722/379 536/376 414/373 754/378
f 407/364 637/381 723/382 537/372
f 724/382 638/381 408/364 538/372
f 349/320 537/372 723/382 515/340
f 724/382 538/372 350/320 516/340
f 351/335 515/340 723/382 539/380
f 724/382 516/340 352/335 540/380
f 419/377 539/380 723/382 637/381
f 724/382 540/380 420/377 638/381
f 355/383 541/384 725/385 547/386
f 726/385 542/384 356/383 548/386
f 357/387 547/386 725/385 551/388
f 726/385 548/386 358/387 552/388
f 359/389 551/388 725/385 545/390
f 726/385 552/388 360/389 546/390
f 353/391 545/390 725/385 541/384
f 726/385 546/390 354/391 542/384
f 355/383 549/217 557/232 541/384
f 558/232 550/217 356/383 542/384
f 353/391 541/384 557/232 543/226
f 558/232 542/384 354/391 544/226
f 353/391 543/226 727/227 545/390
f 728/227 544/226 354/391 546/390
f 359/389 545/390 727/227 361/206
f 728/227 546/390 360/389 362/206
f 357/387 553/208 729/216 547/386
f 730/216 554/208 358/387 548/386
f 355/383 547/386 729/216 549/217
f 730/216 548/386 356/383 550/217
f 359/389 361/206 555/207 551/388
f 556/207 362/206 360/389 552/388
f 357/387 551/388 555/207 553/208
f 556/207 552/388 358/387 554/208
f 363/392 559/393 731/394 577/395
f 732/394 560/393 364/392 578/395
f 403/242 577/395 731/394 631/396
f 732/394 578/395 404/242 632/396
f 415/397 631/396 731/394 589/398
f 732/394 632/396 416/397 590/398
f 371/399 589/398 731/394 559/393
f 732/394 590/398 372/399 560/393
f 363/392 575/360 733/374 559/393
f 734/374 576/360 364/392 560/393
f 371/399 559/393 733/374 413/373
f 734/374 560/393 372/399 414/373
f 365/400 561/401 735/402 581/403
f 736/402 562/401 366/400 582/403
f 405/234 581/403 735/402 633/243
f 736/402 582/403 406/234 634/243
f 403/242 633/243 735/402 577/395
f 736/402 634/243 404/242 578/395
f 363/392 577/395 735/402 561/401
f 736/402 578/395 364/392 562/401
f 365/400 579/347 737/361 561/401
f 738/361 580/347 366/400 562/401
f 363/392 561/401 737/361 575/360
f 738/361 562/401 364/392 576/360
f 373/228 563/404 739/405 591/229
f 740/405 564/404 374/228 592/229
f 417/211 591/229 739/405 635/239
f 740/405 592/229 418/211 636/239
f 405/234 635/239 739/405 581/403
f 740/405 636/239 406/234 582/403
f 365/400 581/403 739/405 563/404
f 740/405 582/403 366/400 564/404
f 373/228 593/341 741/348 563/404
f 742/348 594/341 374/228 564/404
f 365/400 563/404 741/348 579/347
f 742/348 564/404 366/400 580/347
f 367/406 565/407 637/381 407/364
f 638/381 566/407 368/406 408/364
f 375/408 419/377 637/381 565/407
f 638/381 420/377 376/408 566/407
f 409/241 639/409 743/410 583/411
f 744/410 640/409 410/241 584/411
f 367/406 583/411 743/410 565/407
f 744/410 584/411 368/406 566/407
f 375/408 565/407 743/410 595/412
f 744/410 566/407 376/408 596/412
f 421/413 595/412 743/410 639/409
f 744/410 596/412 422/413 640/409
f 369/414 567/415 745/368 585/351
f 746/368 568/415 370/414 586/351
f 367/406 407/364 745/368 567/415
f 746/368 408/364 368/406 568/415
f 411/236 641/240 747/416 587/417
f 748/416 642/240 412/236 588/417
f 369/414 587/417 747/416 567/415
f 748/416 588/417 370/414 568/415
f 367/406 567/415 747/416 583/411
f 748/416 568/415 368/406 584/411
f 409/241 583/411 747/416 641/240
f 748/416 584/411 410/241 642/240
f 369/414 585/351 749/356 569/418
f 750/356 586/351 370/414 570/418
f 377/221 569/418 749/356 599/346
f 750/356 570/418 378/221 600/346
f 423/213 643/237 751/419 597/220
f 752/419 644/237 424/213 598/220
f 377/221 597/220 751/419 569/418
f 752/419 598/220 378/221 570/418
f 369/414 569/418 751/419 587/417
f 752/419 570/418 370/414 588/417
f 411/236 587/417 751/419 643/237
f 752/419 588/417 412/236 644/237
f 375/408 571/420 753/378 419/377
f 754/378 572/420 376/408 420/377
f 371/399 413/373 753/378 571/420
f 754/378 414/373 372/399 572/420
f 421/413 645/421 755/422 595/412
f 756/422 646/421 422/413 596/412
f 375/408 595/412 755/422 571/420
f 756/422 596/412 376/408 572/420
f 371/399 571/420 755/422 589/398
f 756/422 572/420 372/399 590/398
f 415/397 589/398 755/422 645/421
f 756/422 590/398 416/397 646/421
f 373/228 573/233 647/342 593/341
f 648/342 574/233 374/228 594/341
f 377/221 599/346 647/342 573/233
f 648/342 600/346 378/221 574/233
f 379/249 601/250 757/423 603/262
f 758/423 602/250 380/249 604/262
f 381/261 603/262 757/423 605/270
f 758/423 604/262 382/261 606/270
f 383/269 605/270 757/423 607/275
f 758/423 606/270 384/269 608/275
f 385/251 607/275 757/423 601/250
f 758/423 608/275 386/251 602/250
f 387/281 609/282 759/424 611/294
f 760/424 610/282 388/281 612/294
f 389/293 611/294 759/424 613/302
f 760/424 612/294 390/293 614/302
f 391/301 613/302 759/424 615/307
f 760/424 614/302 392/301 616/307
f 393/283 615/307 759/424 609/282
f 760/424 616/307 394/283 610/282
f 395/313 617/314 761/425 619/326
f 762/425 618/314 396/313 620/326
f 397/325 619/326 761/425 621/334
f 762/425 620/326 398/325 622/334
f 399/333 621/334 761/425 623/339
f 762/425 622/334 400/333 624/339
f 401/315 623/339 761/425 617/314
f 762/425 624/339 402/315 618/314
f 409/241 629/244 763/426 639/409
f 764/426 630/244 410/241 640/409
f 421/413 639/409 763/426 645/421
f 764/426 640/409 422/413 646/421
f 415/397 645/421 763/426 631/396
f 764/426 646/421 416/397 632/396
f 403/242 631/396 763/426 629/244
f 764/426 632/396 404/242 630/244
f 769/427 838/428 780/429 778/430
f 781/429 775/428 770/427 779/430
f 769/427 778/430 776/431 771/432
f 777/431 779/430 770/427 772/432
f 778/430 780/429 782/433 796/434
f 783/433 781/429 779/430 797/434
f 776/431 778/430 796/434 784/435
f 797/434 779/430 777/431 785/435
f 782/433 802/436 800/437 796/434
f 801/437 803/436 783/433 797/434
f 784/435 796/434 800/437 798/438
f 801/437 797/434 785/435 799/438
f 771/432 776/431 835/439 773/440
f 836/439 777/431 772/432 774/440
f 776/431 784/435 804/441 835/439
f 805/441 785/435 777/431 836/439
f 792/442 806/443 798/438 800/437
f 799/438 807/443 793/442 801/437
f 792/442 794/444 816/445 814/446
f 817/445 795/444 793/442 815/446
f 786/447 806/443 792/442 814/446
f 793/442 807/443 787/447 815/446
f 786/447 814/446 818/448 788/449
f 819/448 815/446 787/447 789/449
f 786/447 822/450 808/451 806/443
f 809/451 823/450 787/447 807/443
f 786/447 788/449 820/452 822/450
f 821/452 789/449 787/447 823/450
f 808/451 822/450 826/453 810/454
f 827/453 823/450 809/451 811/454
f 820/452 824/455 826/453 822/450
f 827/453 825/455 821/452 823/450
f 810/454 826/453 839/456 812/457
f 828/456 827/453 811/454 813/457
f 824/455 829/458 839/456 826/453
f 828/456 830/458 825/455 827/453
f 784/435 798/438 831/459 804/441
f 832/459 799/438 785/435 805/441
f 798/438 806/443 808/451 831/459
f 809/451 807/443 799/438 832/459
f 808/451 810/454 833/460 831/459
f 834/460 811/454 809/451 832/459
f 804/441 831/459 833/460 835/439
f 834/460 832/459 805/441 836/439
f 810/454 812/457 840/461 833/460
f 837/461 813/457 811/454 834/460
f 772/432 770/427 769/427 771/432
f 771/432 773/440 774/440 772/432
f 838/428 769/427 770/427 775/428
f 812/457 839/456 828/456 813/457
f 839/456 829/458 830/458 828/456
f 773/440 840/461 837/461 774/440
f 840/461 812/457 813/457 837/461
f 792/442 800/437 802/436 794/444
f 803/436 801/437 793/442 795/444
f 841/462 843/463 845/464 847/465
f 846/464 844/463 842/462 848/465
f 782/433 845/464 843/463 802/436
f 844/463 846/464 783/433 803/436
f 847/465 848/465 842/462 841/462
f 820/452 851/466 134/467 824/455
f 853/467 852/466 821/452 825/455
f 788/449 849/468 851/466 820/452
f 852/466 850/468 789/449 821/452
f 860/469 862/470 868/471 866/472
f 869/471 863/470 861/469 867/472
f 858/473 860/469 866/472 864/474
f 867/472 861/469 859/473 865/474
f 854/475 858/473 864/474 856/476
f 865/474 859/473 855/475 857/476
f 862/470 870/477 872/478 868/471
f 873/478 871/477 863/470 869/471
f 870/477 874/479 877/480 872/478
f 876/480 875/479 871/477 873/478
f 874/479 875/479 876/480 877/480
f 872/478 877/480 881/481 879/482
f 878/481 876/480 873/478 880/482
f 881/481 877/480 876/480 878/481
f 882/483 881/481 878/481 883/483
f 881/481 882/483 884/484 879/482
f 885/484 883/483 878/481 880/482
f 868/471 872/478 879/482 886/485
f 880/482 873/478 869/471 887/485
f 866/472 868/471 886/485 899/486
f 887/485 869/471 867/472 900/486
f 879/482 884/484 899/486 886/485
f 900/486 885/484 880/482 887/485
f 864/474 866/472 899/486 897/487
f 900/486 867/472 865/474 898/487
f 856/476 864/474 897/487 891/488
f 898/487 865/474 857/476 892/488
f 893/489 903/490 901/491 895/492
f 902/491 904/490 894/489 896/492
f 901/491 903/490 905/493 907/494
f 906/493 904/490 902/491 908/494
f 888/495 909/496 907/494 905/493
f 908/494 910/496 889/495 906/493
f 888/495 933/497 911/498 909/496
f 912/498 890/497 889/495 910/496
f 901/491 907/494 913/499 920/500
f 914/499 908/494 902/491 921/500
f 907/494 909/496 915/501 913/499
f 916/501 910/496 908/494 914/499
f 909/496 911/498 934/502 915/501
f 917/502 912/498 910/496 916/501
f 895/492 901/491 920/500 918/503
f 921/500 902/491 896/492 919/503
f 849/468 856/476 891/488 851/466
f 892/488 857/476 850/468 852/466
f 922/504 133/505 926/506 924/507
f 927/506 928/505 923/504 925/507
f 926/506 133/505 929/508 931/509
f 930/508 928/505 927/506 932/509
f 918/503 920/500 931/509 929/508
f 932/509 921/500 919/503 930/508
f 924/507 925/507 923/504 922/504
f 933/497 890/497 912/498 911/498
f 911/498 912/498 917/502 934/502
f 913/499 935/510 931/509 920/500
f 932/509 936/510 914/499 921/500
f 913/499 915/501 937/511 935/510
f 938/511 916/501 914/499 936/510
f 926/506 931/509 935/510 937/511
f 936/510 932/509 927/506 938/511
f 924/507 926/506 937/511 939/512
f 938/511 927/506 925/507 940/512
f 915/501 934/502 939/512 937/511
f 940/512 917/502 916/501 938/511
f 939/512 940/512 925/507 924/507
f 939/512 934/502 917/502 940/512
f 944/513 941/513 132/514 130/514
f 942/515 131/515 941/513 944/513
f 942/515 922/504 923/504 131/515
f 882/483 954/516 945/517 884/484
f 946/517 947/516 883/483 885/484
f 954/516 933/497 888/495 945/517
f 889/495 890/497 947/516 946/517
f 899/486 952/518 950/519 897/487
f 951/519 953/518 900/486 898/487
f 952/518 905/493 903/490 950/519
f 904/490 906/493 953/518 951/519
f 884/484 945/517 952/518 899/486
f 953/518 946/517 885/484 900/486
f 945/517 888/495 905/493 952/518
f 906/493 889/495 946/517 953/518
f 897/487 950/519 948/520 891/488
f 949/520 951/519 898/487 892/488
f 950/519 903/490 893/489 948/520
f 894/489 904/490 951/519 949/520
f 947/516 954/516 882/483 883/483
f 890/497 933/497 954/516 947/516
f 129/521 128/521 830/458 829/458
f 824/455 134/467 129/521 829/458
f 128/521 853/467 825/455 830/458
f 955/522 128/521 129/521 943/522
f 943/522 130/514 132/514 955/522
f 833/460 840/461 773/440 835/439
f 774/440 837/461 834/460 836/439
f 854/475 958/523 956/524 858/473
f 957/524 959/523 855/475 859/473
f 956/524 958/523 966/525 960/526
f 967/525 959/523 957/524 961/526
f 960/526 966/525 968/527 962/528
f 969/527 967/525 961/526 963/528
f 962/528 968/527 970/529 964/530
f 971/529 969/527 963/528 965/530
f 858/473 956/524 980/531 860/469
f 981/531 957/524 859/473 861/469
f 956/524 960/526 982/532 980/531
f 983/532 961/526 957/524 981/531
f 962/528 964/530 986/533 984/534
f 987/533 965/530 963/528 985/534
f 960/526 962/528 984/534 982/532
f 985/534 963/528 961/526 983/532
f 986/533 1079/535 1093/536 990/537
f 1094/536 1080/535 987/533 991/537
f 984/534 986/533 990/537 988/538
f 991/537 987/533 985/534 989/538
f 982/532 984/534 988/538 862/470
f 989/538 985/534 983/532 863/470
f 862/470 988/538 992/539 870/477
f 993/539 989/538 863/470 871/477
f 988/538 990/537 994/540 992/539
f 995/540 991/537 989/538 993/539
f 870/477 992/539 994/540 874/479
f 995/540 993/539 871/477 875/479
f 994/540 995/540 875/479 874/479
f 860/469 980/531 982/532 862/470
f 983/532 981/531 861/469 863/470
f 814/446 816/445 1014/541 818/448
f 1015/541 817/445 815/446 819/448
f 794/444 998/542 996/543 816/445
f 997/543 999/542 795/444 817/445
f 794/444 802/436 843/463 998/542
f 844/463 803/436 795/444 999/542
f 841/462 1002/544 998/542 843/463
f 999/542 1000/544 842/462 844/463
f 996/543 998/542 1002/544 1003/545
f 1000/544 999/542 997/543 1001/545
f 1002/544 841/462 842/462 1000/544
f 1003/545 1002/544 1000/544 1001/545
f 788/449 818/448 1004/546 849/468
f 1005/546 819/448 789/449 850/468
f 849/468 1004/546 854/475 856/476
f 855/475 1005/546 850/468 857/476
f 854/475 1004/546 1006/547 958/523
f 1007/547 1005/546 855/475 959/523
f 958/523 1006/547 1008/548 966/525
f 1009/548 1007/547 959/523 967/525
f 966/525 1008/548 1010/549 968/527
f 1011/549 1009/548 967/525 969/527
f 968/527 1010/549 1012/550 970/529
f 1013/550 1011/549 969/527 971/529
f 970/529 1012/550 978/551 1131/552
f 979/551 1013/550 971/529 1132/552
f 818/448 1014/541 1006/547 1004/546
f 1007/547 1015/541 819/448 1005/546
f 1006/547 1014/541 1016/553 1008/548
f 1017/553 1015/541 1007/547 1009/548
f 1008/548 1016/553 1018/554 1010/549
f 1019/554 1017/553 1009/548 1011/549
f 1010/549 1018/554 1020/555 1012/550
f 1021/555 1019/554 1011/549 1013/550
f 978/551 1012/550 1020/555 1022/556
f 1021/555 1013/550 979/551 1023/556
f 972/557 978/551 1022/556 1054/558
f 1023/556 979/551 973/557 1055/558
f 972/557 1054/558 1024/559 974/560
f 1025/559 1055/558 973/557 975/560
f 974/560 1024/559 1026/561 976/562
f 1027/561 1025/559 975/560 977/562
f 976/562 1026/561 1050/563 1029/564
f 1051/563 1027/561 977/562 1028/564
f 1050/563 1051/563 1028/564 1029/564
f 990/537 1093/536 1150/565 994/540
f 1151/565 1094/536 991/537 995/540
f 1150/565 1151/565 995/540 994/540
f 780/429 1030/566 845/464 782/433
f 846/464 1031/566 781/429 783/433
f 838/428 1033/567 1030/566 780/429
f 1031/566 1032/567 775/428 781/429
f 845/464 1030/566 1033/567 847/465
f 1032/567 1031/566 846/464 848/465
f 1033/567 838/428 775/428 1032/567
f 1033/567 1032/567 848/465 847/465
f 974/560 976/562 1036/568 1038/569
f 1037/568 977/562 975/560 1039/569
f 1034/570 1042/571 1038/569 1036/568
f 1039/569 1040/571 1035/570 1037/568
f 1034/570 1035/570 1040/571 1042/571
f 1042/571 1040/571 1041/572 1043/572
f 1034/570 1029/564 1028/564 1035/570
f 976/562 1029/564 1034/570 1036/568
f 1035/570 1028/564 977/562 1037/568
f 996/543 1003/545 1046/573 1044/574
f 1047/573 1001/545 997/543 1045/574
f 1046/573 1003/545 1001/545 1047/573
f 816/445 996/543 1044/574 1014/541
f 1045/574 997/543 817/445 1015/541
f 1048/575 1046/573 1047/573 1049/575
f 1050/563 1048/575 1049/575 1051/563
f 1026/561 1052/576 1048/575 1050/563
f 1049/575 1053/576 1027/561 1051/563
f 1024/559 1054/558 1052/576 1026/561
f 1053/576 1055/558 1025/559 1027/561
f 1044/574 1046/573 1048/575 1052/576
f 1049/575 1047/573 1045/574 1053/576
f 1014/541 1020/555 1018/554 1016/553
f 1019/554 1021/555 1015/541 1017/553
f 1022/556 1044/574 1052/576 1054/558
f 1053/576 1045/574 1023/556 1055/558
f 1014/541 1044/574 1022/556 1020/555
f 1023/556 1045/574 1015/541 1021/555
f 1131/552 978/551 972/557 1152/577
f 973/557 979/551 1132/552 1153/577
f 972/557 974/560 1038/569 1056/578
f 1039/569 975/560 973/557 1057/578
f 972/557 1056/578 1095/579 1152/577
f 1096/579 1057/578 973/557 1153/577
f 1038/569 1042/571 1043/572 1056/578
f 1041/572 1040/571 1039/569 1057/578
f 1043/572 1154/580 1095/579 1056/578
f 1096/579 1155/580 1041/572 1057/578
f 1154/580 1043/572 1041/572 1155/580
f 1139/581 1089/582 216/583 218/584
f 215/583 1090/582 1140/581 217/584
f 1156/585 1195/586 1091/587 1087/588
f 1092/587 1196/586 1157/585 1088/588
f 1097/589 1058/590 1105/591 1160/592
f 1106/591 1059/590 1098/589 1161/592
f 1099/593 1162/594 1105/591 1058/590
f 1106/591 1163/594 1158/593 1059/590
f 1162/594 1099/593 1158/593 1163/594
f 1100/595 1097/589 1160/592 1060/596
f 1161/592 1098/589 1101/595 1061/596
f 1102/597 1100/595 1060/596 1062/598
f 1061/596 1101/595 1103/597 1063/598
f 1164/599 1165/599 1159/600 1104/600
f 1104/600 1102/597 1062/598 1164/599
f 1063/598 1103/597 1159/600 1165/599
f 1160/592 1105/591 1064/601 1166/602
f 1065/601 1106/591 1161/592 1167/602
f 1162/594 1107/603 1064/601 1105/591
f 1065/601 1108/603 1163/594 1106/591
f 1107/603 1162/594 1163/594 1108/603
f 1060/596 1160/592 1166/602 1109/604
f 1167/602 1161/592 1061/596 1110/604
f 1062/598 1060/596 1109/604 1168/605
f 1110/604 1061/596 1063/598 1169/605
f 1111/606 1170/606 1165/599 1164/599
f 1164/599 1062/598 1168/605 1111/606
f 1169/605 1063/598 1165/599 1170/606
f 1166/602 1064/601 1114/607 1066/608
f 1115/607 1065/601 1167/602 1067/608
f 1107/603 1112/609 1114/607 1064/601
f 1115/607 1113/609 1108/603 1065/601
f 1112/609 1107/603 1108/603 1113/609
f 1109/604 1166/602 1066/608 1171/610
f 1067/608 1167/602 1110/604 1172/610
f 1168/605 1109/604 1171/610 1068/611
f 1172/610 1110/604 1169/605 1069/611
f 1116/612 1117/612 1170/606 1111/606
f 1111/606 1168/605 1068/611 1116/612
f 1069/611 1169/605 1170/606 1117/612
f 1066/608 1114/607 1118/613 1173/614
f 1119/613 1115/607 1067/608 1174/614
f 1171/610 1066/608 1173/614 1070/615
f 1174/614 1067/608 1172/610 1071/615
f 1068/611 1171/610 1070/615 1073/616
f 1071/615 1172/610 1069/611 1074/616
f 1072/617 1120/617 1117/612 1116/612
f 1116/612 1068/611 1073/616 1072/617
f 1074/616 1069/611 1117/612 1120/617
f 1173/614 1118/613 1075/618 143/619
f 1228/618 1119/613 1174/614 142/619
f 1070/615 1173/614 143/619 1202/620
f 142/619 1174/614 1071/615 1203/620
f 1073/616 1070/615 1202/620 1205/621
f 1203/620 1071/615 1074/616 1206/621
f 1175/622 1176/622 1120/617 1072/617
f 1072/617 1073/616 1205/621 1175/622
f 1206/621 1074/616 1120/617 1176/622
f 1177/623 143/619 1075/618 1227/624
f 1228/618 142/619 1178/623 1226/624
f 1179/625 1180/625 1176/622 1175/622
f 1175/622 1205/621 1204/626 1179/625
f 138/626 1206/621 1176/622 1180/625
f 139/627 1125/627 1180/625 1179/625
f 141/628 1177/623 1227/624 1121/629
f 1226/624 1178/623 140/628 1122/629
f 1078/630 1128/630 1125/627 139/627
f 139/627 1123/631 1076/632 1078/630
f 1077/632 1124/631 1125/627 1128/630
f 1185/633 141/628 1121/629 1081/634
f 1122/629 140/628 1186/633 1082/634
f 1185/633 1083/635 1207/636 141/628
f 137/636 1084/635 1186/633 140/628
f 1181/637 1126/638 1207/636 1083/635
f 137/636 1127/638 1182/637 1084/635
f 1181/637 1085/639 1076/632 1126/638
f 1077/632 1086/639 1182/637 1127/638
f 1183/640 1078/630 1076/632 1085/639
f 1077/632 1128/630 1184/640 1086/639
f 1078/630 1183/640 1184/640 1128/630
f 1185/633 1081/634 1139/581 218/584
f 1140/581 1082/634 1186/633 217/584
f 1189/641 1129/642 216/583 1089/582
f 215/583 1130/642 1190/641 1090/582
f 1189/641 1093/536 1079/535 1129/642
f 1080/535 1094/536 1190/641 1130/642
f 1133/643 1137/644 1139/581 1081/634
f 1140/581 1138/644 1134/643 1082/634
f 1137/644 1133/643 1134/643 1138/644
f 1191/645 1181/637 1083/635 214/646
f 1084/635 1182/637 1192/645 213/646
f 1191/645 1135/647 1085/639 1181/637
f 1086/639 1136/647 1192/645 1182/637
f 1191/645 1156/585 1087/588 1135/647
f 1088/588 1157/585 1192/645 1136/647
f 1193/648 1183/640 1085/639 1135/647
f 1086/639 1184/640 1194/648 1136/647
f 1193/648 1135/647 1087/588 1142/649
f 1088/588 1136/647 1194/648 1141/649
f 1137/644 1146/650 1089/582 1139/581
f 1090/582 1147/650 1138/644 1140/581
f 1146/650 1137/644 1138/644 1147/650
f 1144/651 1143/651 1141/649 1142/649
f 1142/649 1087/588 1091/587 1144/651
f 1092/587 1088/588 1141/649 1143/651
f 1146/650 1147/650 1197/652 1145/652
f 1145/652 1189/641 1089/582 1146/650
f 1090/582 1190/641 1197/652 1147/650
f 1145/652 1150/565 1093/536 1189/641
f 1094/536 1151/565 1197/652 1190/641
f 1150/565 1145/652 1197/652 1151/565
f 1198/653 1195/586 212/654 1187/655
f 211/654 1196/586 1199/653 1188/655
f 1198/653 1148/656 1091/587 1195/586
f 1092/587 1149/656 1199/653 1196/586
f 1198/653 1152/577 1095/579 1148/656
f 1096/579 1153/577 1199/653 1149/656
f 1198/653 1187/655 1131/552 1152/577
f 1132/552 1188/655 1199/653 1153/577
f 1200/657 1144/651 1091/587 1148/656
f 1092/587 1143/651 1201/657 1149/656
f 1144/651 1200/657 1201/657 1143/651
f 1154/580 1155/580 1201/657 1200/657
f 1200/657 1148/656 1095/579 1154/580
f 1096/579 1149/656 1201/657 1155/580
f 218/584 214/646 1083/635 1185/633
f 1084/635 213/646 217/584 1186/633
f 212/654 208/658 1210/659 1187/655
f 1211/659 207/658 211/654 1188/655
f 208/658 216/583 1129/642 1210/659
f 1130/642 215/583 207/658 1211/659
f 1187/655 1210/659 1208/660 1131/552
f 1209/660 1211/659 1188/655 1132/552
f 1210/659 1129/642 1079/535 1208/660
f 1080/535 1130/642 1211/659 1209/660
f 964/530 1208/660 1079/535 986/533
f 1080/535 1209/660 965/530 987/533
f 964/530 970/529 1131/552 1208/660
f 1132/552 971/529 965/530 1209/660
f 139/627 1179/625 1204/626
f 138/626 1180/625 1125/627
f 1076/632 1123/631 1126/638
f 1127/638 1124/631 1077/632
f 1123/631 1207/636 1126/638
f 1127/638 137/636 1124/631
f 1102/597 1104/600 1214/661 1212/662
f 1215/661 1159/600 1103/597 1213/662
f 1100/595 1102/597 1212/662 1216/663
f 1213/662 1103/597 1101/595 1217/663
f 1099/593 1058/590 1218/664 1220/665
f 1219/664 1059/590 1158/593 1221/665
f 1097/589 1100/595 1216/663 1222/666
f 1217/663 1101/595 1098/589 1223/666
f 1214/661 1104/600 1159/600 1215/661
f 1221/665 1158/593 1099/593 1220/665
f 1058/590 1097/589 1222/666 1218/664
f 1223/666 1098/589 1059/590 1219/664
f 1218/664 1222/666 1216/663 1212/662
f 1217/663 1223/666 1219/664 1213/662
f 1218/664 1212/662 1214/661 1220/665
f 1215/661 1213/662 1219/664 1221/665
f 1215/661 1221/665 1220/665 1214/661
f 206/667 1156/585 1191/645
f 1192/645 1157/585 205/667
f 214/646 206/667 1191/645
f 1192/645 205/667 213/646
f 206/667 210/668 1156/585
f 1157/585 209/668 205/667
f 204/669 1195/586 1156/585
f 1157/585 1196/586 203/669
f 210/668 204/669 1156/585
f 1157/585 203/669 209/668
f 204/669 212/654 1195/586
f 1196/586 211/654 203/669
f 1230/670 1121/629 1227/624
f 1226/624 1122/629 765/670
f 1230/670 1229/671 1081/634 1121/629
f 1082/634 766/671 765/670 1122/629
f 1112/609 1113/609 768/672 1225/672
f 1225/672 1075/618 1114/607 1112/609
f 1115/607 1228/618 768/672 1113/609
f 1075/618 1118/613 1114/607
f 1115/607 1119/613 1228/618
f 1133/643 1224/673 767/673 1134/643
f 1229/671 1224/673 1133/643 1081/634
f 1134/643 767/673 766/671 1082/634
f 1183/640 1193/648 1194/648 1184/640
f 1141/649 1194/648 1193/648 1142/649
f 1231/674 1243/675 1256/676 1239/677
f 1231/674 1242/678 1260/679 1243/675
f 1231/674 1241/680 1259/681 1242/678
f 1231/674 1239/677 1255/682 1241/680
f 1261/676 1250/677 1232/683 1244/674
f 1260/681 1244/674 1232/683 1243/680
f 1256/682 1243/680 1232/683 1250/677
f 1257/676 1249/674 1233/684 1246/675
f 1262/679 1246/675 1233/684 1245/678
f 1261/681 1245/678 1233/684 1249/674
f 1258/676 1240/677 1234/674 1248/675
f 1234/674 1247/678 1263/679 1248/675
f 1262/681 1247/678 1234/674 1246/680
f 1257/682 1246/680 1234/674 1240/677
f 1256/685 1250/686 1235/687 1251/688
f 1257/689 1251/688 1235/687 1249/690
f 1261/691 1249/690 1235/687 1250/686
f 1260/685 1252/686 1236/687 1244/688
f 1261/689 1244/688 1236/687 1245/690
f 1262/691 1245/690 1236/687 1252/686
f 1259/685 1253/692 1237/686 1242/688
f 1260/689 1242/688 1237/686 1252/690
f 1262/691 1252/690 1237/686 1247/693
f 1237/686 1253/692 1263/694 1247/693
f 1255/685 1239/688 1238/686 1254/692
f 1258/694 1254/692 1238/686 1240/693
f 1257/691 1240/693 1238/686 1251/690
f 1256/689 1251/690 1238/686 1239/688
f 1289/686 1276/690 1271/689 1288/688
f 1289/686 1287/693 1270/691 1276/690
f 1289/686 1273/692 1269/694 1287/693
f 1289/686 1288/688 1272/685 1273/692
f 1290/686 1280/693 1264/694 1274/692
f 1290/686 1275/690 1265/691 1280/693
f 1290/686 1285/688 1267/689 1275/690
f 1290/686 1274/692 1268/685 1285/688
f 1291/687 1282/690 1265/691 1275/686
f 1291/687 1283/688 1266/689 1282/690
f 1291/687 1275/686 1267/685 1283/688
f 1292/687 1278/690 1266/691 1277/686
f 1292/687 1276/688 1270/689 1278/690
f 1292/687 1277/686 1271/685 1276/688
f 1293/674 1281/680 1270/682 1287/677
f 1293/674 1280/678 1265/681 1281/680
f 1293/674 1279/675 1264/679 1280/678
f 1293/674 1287/677 1269/676 1279/675
f 1294/684 1282/678 1266/681 1278/674
f 1294/684 1281/675 1265/679 1282/678
f 1294/684 1278/674 1270/676 1281/675
f 1295/683 1284/680 1271/682 1277/677
f 1295/683 1283/674 1267/681 1284/680
f 1295/683 1277/677 1266/676 1283/674
f 1296/674 1286/680 1272/682 1288/677
f 1296/674 1285/678 1268/681 1286/680
f 1296/674 1284/675 1267/679 1285/678
f 1296/674 1288/677 1271/676 1284/675
f 1322/676 1305/677 1297/674 1309/675
f 1326/679 1309/675 1297/674 1308/678
f 1325/681 1308/678 1297/674 1307/680
f 1321/682 1307/680 1297/674 1305/677
f 1327/676 1316/677 1298/683 1310/674
f 1326/681 1310/674 1298/683 1309/680
f 1322/682 1309/680 1298/683 1316/677
f 1323/676 1315/674 1299/684 1312/675
f 1328/679 1312/675 1299/684 1311/678
f 1327/681 1311/678 1299/684 1315/674
f 1324/695 1306/696 1300/697 1314/698
f 1300/697 1313/699 1329/700 1314/698
f 1328/701 1313/699 1300/697 1312/702
f 1323/703 1312/702 1300/697 1306/696
f 1322/685 1316/686 1301/687 1317/688
f 1323/689 1317/688 1301/687 1315/690
f 1327/691 1315/690 1301/687 1316/686
f 1326/685 1318/686 1302/687 1310/688
f 1327/689 1310/688 1302/687 1311/690
f 1328/691 1311/690 1302/687 1318/686
f 1325/685 1319/692 1303/686 1308/688
f 1326/689 1308/688 1303/686 1318/690
f 1328/691 1318/690 1303/686 1313/693
f 1303/686 1319/692 1329/694 1313/693
f 1321/685 1305/688 1304/686 1320/692
f 1324/694 1320/692 1304/686 1306/693
f 1323/691 1306/693 1304/686 1317/690
f 1322/689 1317/690 1304/686 1305/688
f 1339/704 1372/705 1442/706 1370/707
f 1443/706 1373/705 1340/704 1371/707
f 1339/704 1444/705 1446/706 1372/707
f 1447/706 1445/705 1340/704 1373/707
f 1341/704 1339/705 1370/706 1378/707
f 1371/706 1340/705 1342/704 1379/707
f 1444/704 1339/705 1341/706 1376/707
f 1342/706 1340/705 1445/704 1377/707
f 1341/704 1380/705 1448/706 1376/707
f 1449/706 1381/705 1342/704 1377/707
f 1341/704 1378/705 1450/706 1380/707
f 1451/706 1379/705 1342/704 1381/707
f 1457/704 1392/705 1440/706 1369/707
f 1494/706 1393/705 1458/704 1487/707
f 1343/704 1394/705 1392/706 1457/707
f 1393/706 1395/705 1344/704 1458/707
f 1343/704 1370/705 1442/706 1394/707
f 1443/706 1371/705 1344/704 1395/707
f 1414/704 1495/705 1441/706 1398/707
f 1497/706 1496/705 1415/704 1399/707
f 1396/704 1400/705 1446/706 1444/707
f 1447/706 1401/705 1397/704 1445/707
f 1396/704 1414/705 1398/706 1400/707
f 1399/706 1415/705 1397/704 1401/707
f 1345/704 1396/705 1444/706 1376/707
f 1445/706 1397/705 1346/704 1377/707
f 1345/704 1347/705 1414/706 1396/707
f 1415/706 1348/705 1346/704 1397/707
f 1345/704 1402/705 1459/706 1347/707
f 1460/706 1403/705 1346/704 1348/707
f 1345/704 1376/705 1448/706 1402/707
f 1449/706 1377/705 1346/704 1403/707
f 1347/704 1374/705 1495/706 1414/707
f 1496/706 1375/705 1348/704 1415/707
f 1347/704 1459/705 1498/706 1374/707
f 1499/706 1460/705 1348/704 1375/707
f 1416/704 1457/705 1369/706 1488/707
f 1487/706 1458/705 1417/704 1489/707
f 1416/704 1488/705 1452/706 1406/707
f 1500/706 1489/705 1417/704 1407/707
f 1349/704 1343/705 1457/706 1416/707
f 1458/706 1344/705 1350/704 1417/707
f 1349/704 1378/705 1370/706 1343/707
f 1371/706 1379/705 1350/704 1344/707
f 1349/704 1404/705 1450/706 1378/707
f 1451/706 1405/705 1350/704 1379/707
f 1349/704 1416/705 1406/706 1404/707
f 1407/706 1417/705 1350/704 1405/707
f 1351/704 1406/705 1452/706 1490/707
f 1500/706 1407/705 1352/704 1382/707
f 1351/704 1490/705 1498/706 1459/707
f 1499/706 1382/705 1352/704 1460/707
f 1353/704 1404/705 1406/706 1351/707
f 1407/706 1405/705 1354/704 1352/707
f 1353/704 1380/705 1450/706 1404/707
f 1451/706 1381/705 1354/704 1405/707
f 1353/704 1402/705 1448/706 1380/707
f 1449/706 1403/705 1354/704 1381/707
f 1353/704 1351/705 1459/706 1402/707
f 1460/706 1352/705 1354/704 1403/707
f 1418/704 1398/705 1441/706 1385/707
f 1497/706 1399/705 1419/704 1386/707
f 1418/704 1385/705 1501/706 1461/707
f 1502/706 1386/705 1419/704 1462/707
f 1355/704 1400/705 1398/706 1418/707
f 1399/706 1401/705 1356/704 1419/707
f 1355/704 1383/705 1446/706 1400/707
f 1447/706 1384/705 1356/704 1401/707
f 1355/704 1408/705 1453/706 1383/707
f 1454/706 1409/705 1356/704 1384/707
f 1355/704 1418/705 1461/706 1408/707
f 1462/706 1419/705 1356/704 1409/707
f 1357/704 1394/705 1442/706 1388/707
f 1443/706 1395/705 1358/704 1389/707
f 1357/704 1420/705 1392/706 1394/707
f 1393/706 1421/705 1358/704 1395/707
f 1357/704 1410/705 1412/706 1420/707
f 1413/706 1411/705 1358/704 1421/707
f 1357/704 1388/705 1455/706 1410/707
f 1456/706 1389/705 1358/704 1411/707
f 1420/704 1491/705 1440/706 1392/707
f 1494/706 1387/705 1421/704 1393/707
f 1420/704 1412/705 1503/706 1491/707
f 1504/706 1413/705 1421/704 1387/707
f 1359/704 1410/705 1455/706 1390/707
f 1456/706 1411/705 1360/704 1391/707
f 1359/704 1422/705 1412/706 1410/707
f 1413/706 1423/705 1360/704 1411/707
f 1359/704 1408/705 1461/706 1422/707
f 1462/706 1409/705 1360/704 1423/707
f 1359/704 1390/705 1453/706 1408/707
f 1454/706 1391/705 1360/704 1409/707
f 1422/704 1492/705 1503/706 1412/707
f 1504/706 1493/705 1423/704 1413/707
f 1422/704 1461/705 1501/706 1492/707
f 1502/706 1462/705 1423/704 1493/707
f 1361/704 1390/705 1455/706 1428/707
f 1456/706 1391/705 1362/704 1429/707
f 1361/704 1424/705 1453/706 1390/707
f 1454/706 1425/705 1362/704 1391/707
f 1361/704 1426/705 1463/706 1424/707
f 1464/706 1427/705 1362/704 1425/707
f 1361/704 1428/705 1465/706 1426/707
f 1466/706 1429/705 1362/704 1427/707
f 1363/708 1388/705 1442/706 1432/707
f 1443/706 1389/705 1364/708 1433/707
f 1363/708 1428/705 1455/706 1388/707
f 1456/706 1429/705 1364/708 1389/707
f 1363/708 1430/705 1465/706 1428/707
f 1466/706 1431/705 1364/708 1429/707
f 1363/708 1432/705 1467/706 1430/707
f 1468/706 1433/705 1364/708 1431/707
f 1365/704 1383/705 1453/706 1424/707
f 1454/706 1384/705 1366/704 1425/707
f 1365/704 1434/705 1446/706 1383/707
f 1447/706 1435/705 1366/704 1384/707
f 1365/704 1436/705 1469/706 1434/707
f 1470/706 1437/705 1366/704 1435/707
f 1365/704 1424/705 1463/706 1436/707
f 1464/706 1425/705 1366/704 1437/707
f 1367/709 1372/705 1446/706 1434/707
f 1447/706 1373/705 1368/709 1435/707
f 1367/709 1432/705 1442/706 1372/707
f 1443/706 1433/705 1368/709 1373/707
f 1367/709 1438/705 1467/706 1432/707
f 1468/706 1439/705 1368/709 1433/707
f 1367/709 1434/705 1469/706 1438/707
f 1470/706 1435/705 1368/709 1439/707
f 1426/704 1477/710 1475/711 1463/707
f 1476/711 1478/710 1427/704 1464/707
f 1477/710 187/705 157/706 1475/711
f 156/706 186/705 1478/710 1476/711
f 1465/704 1479/710 1477/711 1426/707
f 1478/711 1480/710 1466/704 1427/707
f 1479/710 1336/705 187/706 1477/711
f 186/706 1335/705 1480/710 1478/711
f 1430/704 1483/710 1479/711 1465/707
f 1480/711 1484/710 1431/704 1466/707
f 1483/710 1337/705 1336/706 1479/711
f 1335/706 163/705 1484/710 1480/711
f 1467/704 1485/710 1483/711 1430/707
f 1484/711 1486/710 1468/704 1431/707
f 1485/710 188/705 1337/706 1483/711
f 1486/710 1484/711 163/706 1338/705
f 1463/704 1475/710 1473/711 1436/707
f 1474/711 1476/710 1464/704 1437/707
f 1475/710 157/705 158/706 1473/711
f 1330/706 156/705 1476/710 1474/711
f 1436/704 1473/710 1471/711 1469/707
f 1472/711 1474/710 1437/704 1470/707
f 1473/710 158/705 1332/706 1471/711
f 1331/706 1330/705 1474/710 1472/711
f 1438/704 1481/710 1485/711 1467/707
f 1486/711 1482/710 1439/704 1468/707
f 1481/710 1334/705 188/706 1485/711
f 1482/710 1486/711 1338/706 1333/705
f 1469/704 1471/710 1481/711 1438/707
f 1482/711 1472/710 1470/704 1439/707
f 1471/710 1332/705 1334/706 1481/711
f 1333/706 1331/705 1472/710 1482/711
f 1505/712 1369/713 1440/714 1507/715
f 1506/712 1508/715 1494/714 1487/713
f 1374/714 1509/715 1511/712 1495/713
f 1512/712 1510/715 1375/714 1496/713
f 1498/714 1513/715 1509/712 1374/713
f 1510/712 1514/715 1499/714 1375/713
f 1488/714 1515/715 1517/712 1452/713
f 1518/712 1516/715 1489/714 1500/713
f 1490/714 1519/715 1513/712 1498/713
f 1514/712 1520/715 1382/714 1499/713
f 1452/714 1517/715 1519/712 1490/713
f 1520/712 1518/715 1500/714 1382/713
f 1441/714 1523/715 1521/712 1385/713
f 1522/712 1524/715 1497/714 1386/713
f 1385/714 1521/715 1525/712 1501/713
f 1526/712 1522/715 1386/714 1502/713
f 1491/714 1527/715 1507/712 1440/713
f 1508/712 1528/715 1387/714 1494/713
f 1503/714 1529/715 1527/712 1491/713
f 1528/712 1530/715 1504/714 1387/713
f 1501/714 1525/715 1531/712 1492/713
f 1532/712 1526/715 1502/714 1493/713
f 1492/714 1531/715 1529/712 1503/713
f 1530/712 1532/715 1493/714 1504/713
f 1369/714 1505/715 1515/712 1488/713
f 1516/712 1506/715 1487/714 1489/713
f 1495/714 1511/715 1523/712 1441/713
f 1524/712 1512/715 1496/714 1497/713
f 1507/714 1533/715 1535/712 1505/713
f 1536/712 1534/715 1508/714 1506/713
f 1509/714 1539/715 1537/712 1511/713
f 1538/712 1540/715 1510/714 1512/713
f 1513/714 1541/715 1539/712 1509/713
f 1540/712 1542/715 1514/714 1510/713
f 1515/714 1543/715 1545/712 1517/713
f 1546/712 1544/715 1516/714 1518/713
f 1519/714 1547/715 1541/712 1513/713
f 1542/712 1548/715 1520/714 1514/713
f 1517/714 1545/715 1547/712 1519/713
f 1548/712 1546/715 1518/714 1520/713
f 1523/714 1549/715 1551/712 1521/713
f 1552/712 1550/715 1524/714 1522/713
f 1521/714 1551/715 1553/712 1525/713
f 1554/712 1552/715 1522/714 1526/713
f 1527/714 1555/715 1533/712 1507/713
f 1534/712 1556/715 1528/714 1508/713
f 1529/714 1557/715 1555/712 1527/713
f 1556/712 1558/715 1530/714 1528/713
f 1525/714 1553/715 1559/712 1531/713
f 1560/712 1554/715 1526/714 1532/713
f 1531/714 1559/715 1557/712 1529/713
f 1558/712 1560/715 1532/714 1530/713
f 1505/714 1535/715 1543/712 1515/713
f 1544/712 1536/715 1506/714 1516/713
f 1511/714 1537/715 1549/712 1523/713
f 1550/712 1538/715 1512/714 1524/713
f 1551/714 1555/715 1557/712 1553/713
f 1558/712 1556/715 1552/714 1554/713
f 1533/714 1555/713 1551/712 1549/715
f 1552/712 1556/713 1534/714 1550/715
f 1533/714 1549/713 1537/712 1535/715
f 1538/712 1550/713 1534/714 1536/715
f 1535/714 1537/715 1539/712 1543/713
f 1540/712 1538/715 1536/714 1544/713
f 1539/714 1541/713 1545/712 1543/715
f 1546/712 1542/713 1540/714 1544/715
f 1541/714 1547/712 1545/715
f 1546/715 1548/712 1542/714
f 1553/714 1557/715 1559/712
f 1560/712 1558/715 1554/714
f 765/634 766/671 1561/670
f 766/643 767/673 1561/671
f 767/643 1224/673 1561/673
f 1225/609 768/609 1561/672
f 1075/672 1225/618 1561/607
f 1230/670 1227/629 1561/624
f 1228/618 1226/619 1561/623
f 1229/670 1230/671 1561/634
f 1227/623 1075/619 1561/618
f 1226/624 765/629 1561/670
f 768/607 1228/618 1561/672
f 1224/671 1229/673 1561/643
